2026-03-25T17:52:26.110167621-04:00 Dependencies are up to date, skipping installation
2026-03-25T17:52:26.110270474-04:00 Executing: npm start
2026-03-25T17:52:26.277414546-04:00 
2026-03-25T17:52:26.277470439-04:00 > yggdratech@1.0.0 start
2026-03-25T17:52:26.277478254-04:00 > node server.js
2026-03-25T17:52:26.277483355-04:00 
2026-03-25T17:52:26.398631259-04:00 Server running on port 80
2026-03-25T17:52:40.550155572-04:00 2026-03-25T21:52:40.549Z - GET /
2026-03-25T17:52:40.709429457-04:00 2026-03-25T21:52:40.709Z - GET /css/style.css?v=1.5
2026-03-25T17:52:40.715121735-04:00 2026-03-25T21:52:40.714Z - GET /img/YggdraTech.jpeg
2026-03-25T17:52:40.716274531-04:00 2026-03-25T21:52:40.716Z - GET /js/script.js
2026-03-25T17:52:40.874343835-04:00 2026-03-25T21:52:40.874Z - GET /img/banner.jpg
2026-03-25T17:52:41.096143054-04:00 2026-03-25T21:52:41.095Z - GET /favicon.ico
2026-03-25T17:53:50.128755741-04:00 2026-03-25T21:53:50.128Z - GET /
2026-03-25T17:56:42.355259033-04:00 2026-03-25T21:56:42.354Z - POST /api/chat
2026-03-25T17:57:02.498938234-04:00 2026-03-25T21:57:02.498Z - POST /api/chat
2026-03-25T18:29:05.1894701-04:00 2026-03-25T22:29:05.189Z - GET /robots.txt
2026-03-25T20:01:58.95815467-04:00 2026-03-26T00:01:58.957Z - GET /
2026-03-25T20:12:55.588129264-04:00 2026-03-26T00:12:55.587Z - GET /
2026-03-25T20:12:56.466223259-04:00 2026-03-26T00:12:56.465Z - GET /
2026-03-25T20:12:56.775542121-04:00 2026-03-26T00:12:56.775Z - GET /
2026-03-25T20:16:17.721881066-04:00 2026-03-26T00:16:17.721Z - GET /img/YggdraTech.jpeg
2026-03-25T20:16:18.892053597-04:00 2026-03-26T00:16:18.891Z - GET /img/YggdraTech.jpeg
2026-03-25T20:16:20.335148578-04:00 2026-03-26T00:16:20.334Z - GET /img/YggdraTech.jpeg
2026-03-25T20:20:21.188991182-04:00 2026-03-26T00:20:21.188Z - GET /favicon.ico
2026-03-25T20:42:42.345171046-04:00 2026-03-26T00:42:42.344Z - GET /robots.txt
2026-03-25T21:17:34.732250264-04:00 2026-03-26T01:17:34.731Z - GET /
2026-03-25T21:17:36.693702912-04:00 2026-03-26T01:17:36.693Z - GET /js/lkk_ch.js
2026-03-25T21:17:36.889011743-04:00 2026-03-26T01:17:36.888Z - GET /bot-connect.js
2026-03-25T21:17:37.085322923-04:00 2026-03-26T01:17:37.085Z - GET /img/YggdraTech.jpeg
2026-03-25T21:17:38.778784235-04:00 2026-03-26T01:17:38.778Z - GET /static/style/sys_files/index.js
2026-03-25T21:17:38.969431872-04:00 2026-03-26T01:17:38.969Z - GET /css/style.css?v=1.5
2026-03-25T21:17:39.164734587-04:00 2026-03-26T01:17:39.164Z - GET /assets/js/qr_modal.js
2026-03-25T21:17:39.357176598-04:00 2026-03-26T01:17:39.356Z - GET /js/script.js
2026-03-25T21:17:39.548789163-04:00 2026-03-26T01:17:39.548Z - GET /static/style/protect/index.js
2026-03-25T21:17:39.73697846-04:00 2026-03-26T01:17:39.736Z - GET /css/support_parent.css
2026-03-25T21:17:39.931750297-04:00 2026-03-26T01:17:39.931Z - GET /assets/js/message.js
2026-03-25T21:17:40.124719234-04:00 2026-03-26T01:17:40.124Z - GET /js/twint_ch.js
2026-03-25T21:17:40.314973333-04:00 2026-03-26T01:17:40.314Z - GET /robots.txt
2026-03-25T21:17:40.503652739-04:00 2026-03-26T01:17:40.503Z - GET /assets/js/auth.js
2026-03-25T21:50:35.172965236-04:00 2026-03-26T01:50:35.172Z - GET /robots.txt
2026-03-25T22:19:21.612618442-04:00 2026-03-26T02:19:21.612Z - GET /
2026-03-25T22:19:21.830691595-04:00 2026-03-26T02:19:21.830Z - GET /css/style.css?v=1.5
2026-03-25T22:19:21.84081221-04:00 2026-03-26T02:19:21.840Z - GET /img/YggdraTech.jpeg
2026-03-25T22:19:21.844482694-04:00 2026-03-26T02:19:21.844Z - GET /js/script.js
2026-03-25T22:19:22.228421621-04:00 2026-03-26T02:19:22.228Z - GET /img/banner.jpg
2026-03-25T22:19:24.196867497-04:00 2026-03-26T02:19:24.196Z - GET /favicon.ico
2026-03-25T22:19:25.927820399-04:00 2026-03-26T02:19:25.927Z - GET /
2026-03-25T22:19:26.002698309-04:00 2026-03-26T02:19:26.002Z - GET /css/style.css?v=1.5
2026-03-25T22:19:26.027176776-04:00 2026-03-26T02:19:26.026Z - GET /img/YggdraTech.jpeg
2026-03-25T22:19:26.031104436-04:00 2026-03-26T02:19:26.030Z - GET /js/script.js
2026-03-25T22:19:26.203709881-04:00 2026-03-26T02:19:26.203Z - GET /img/banner.jpg
2026-03-25T22:19:27.642404334-04:00 2026-03-26T02:19:27.642Z - GET /favicon.ico
2026-03-25T22:59:25.269174559-04:00 2026-03-26T02:59:25.268Z - GET /
2026-03-25T22:59:47.871674646-04:00 2026-03-26T02:59:47.871Z - GET /
2026-03-25T22:59:48.074155958-04:00 2026-03-26T02:59:48.073Z - GET /css/style.css?v=1.5
2026-03-25T22:59:48.449140984-04:00 2026-03-26T02:59:48.448Z - GET /
2026-03-25T22:59:48.573717332-04:00 2026-03-26T02:59:48.573Z - GET /css/style.css?v=1.5
2026-03-25T22:59:48.66747325-04:00 2026-03-26T02:59:48.667Z - GET /js/script.js
2026-03-25T23:31:03.550766231-04:00 2026-03-26T03:31:03.550Z - GET /robots.txt
2026-03-25T23:31:56.844026787-04:00 2026-03-26T03:31:56.843Z - GET /.git/config
2026-03-25T23:44:38.3969832-04:00 2026-03-26T03:44:38.396Z - GET /
2026-03-25T23:44:40.012834439-04:00 2026-03-26T03:44:40.012Z - GET /
2026-03-25T23:47:47.628350426-04:00 2026-03-26T03:47:47.628Z - GET /
2026-03-25T23:47:48.159256499-04:00 2026-03-26T03:47:48.158Z - GET /
2026-03-25T23:51:31.190575368-04:00 2026-03-26T03:51:31.190Z - GET /
2026-03-25T23:51:31.494581428-04:00 2026-03-26T03:51:31.494Z - GET /
2026-03-26T00:09:51.247355963-04:00 2026-03-26T04:09:51.246Z - GET /
2026-03-26T00:09:51.446024778-04:00 2026-03-26T04:09:51.445Z - GET /css/style.css?v=1.5
2026-03-26T00:09:51.909260646-04:00 2026-03-26T04:09:51.908Z - GET /
2026-03-26T00:09:52.034045166-04:00 2026-03-26T04:09:52.033Z - GET /css/style.css?v=1.5
2026-03-26T00:09:52.124504896-04:00 2026-03-26T04:09:52.124Z - GET /js/script.js
2026-03-26T00:33:23.31811665-04:00 2026-03-26T04:33:23.317Z - GET /
2026-03-26T00:33:23.701309942-04:00 2026-03-26T04:33:23.700Z - GET /js/script.js
2026-03-26T00:33:24.901955991-04:00 2026-03-26T04:33:24.901Z - GET /
2026-03-26T00:33:25.270177567-04:00 2026-03-26T04:33:25.269Z - GET /No%20favicon%20address%20found%20in%20site-XML
2026-03-26T00:35:22.916434355-04:00 2026-03-26T04:35:22.916Z - GET /robots.txt
2026-03-26T00:40:56.493692367-04:00 2026-03-26T04:40:56.493Z - GET /
2026-03-26T00:44:31.367270321-04:00 2026-03-26T04:44:31.366Z - HEAD /
2026-03-26T00:44:36.547471462-04:00 2026-03-26T04:44:36.547Z - HEAD /
2026-03-26T00:57:07.518590035-04:00 2026-03-26T04:57:07.518Z - GET /
2026-03-26T00:57:07.710098534-04:00 2026-03-26T04:57:07.709Z - GET /js/twint_ch.js
2026-03-26T00:57:07.899863901-04:00 2026-03-26T04:57:07.899Z - GET /static/style/protect/index.js
2026-03-26T00:57:08.089009643-04:00 2026-03-26T04:57:08.088Z - GET /assets/js/qr_modal.js
2026-03-26T00:57:08.276622893-04:00 2026-03-26T04:57:08.276Z - GET /robots.txt
2026-03-26T00:57:08.466448951-04:00 2026-03-26T04:57:08.466Z - GET /assets/js/auth.js
2026-03-26T00:57:08.657251989-04:00 2026-03-26T04:57:08.656Z - GET /js/script.js
2026-03-26T00:57:08.846386151-04:00 2026-03-26T04:57:08.846Z - GET /js/lkk_ch.js
2026-03-26T00:57:09.038623869-04:00 2026-03-26T04:57:09.038Z - GET /css/style.css?v=1.5
2026-03-26T00:57:09.234052131-04:00 2026-03-26T04:57:09.233Z - GET /static/style/sys_files/index.js
2026-03-26T00:57:09.423451588-04:00 2026-03-26T04:57:09.423Z - GET /bot-connect.js
2026-03-26T00:57:09.609650215-04:00 2026-03-26T04:57:09.609Z - GET /css/support_parent.css
2026-03-26T00:57:09.805126359-04:00 2026-03-26T04:57:09.804Z - GET /assets/js/message.js
2026-03-26T00:57:09.98969178-04:00 2026-03-26T04:57:09.989Z - GET /img/YggdraTech.jpeg
2026-03-26T01:22:39.3525404-04:00 2026-03-26T05:22:39.352Z - GET /
2026-03-26T01:22:50.954532886-04:00 2026-03-26T05:22:50.954Z - GET /
2026-03-26T01:44:43.730863703-04:00 2026-03-26T05:44:43.730Z - GET /robots.txt
2026-03-26T01:47:52.670540796-04:00 2026-03-26T05:47:52.670Z - GET /
2026-03-26T01:47:52.855839823-04:00 2026-03-26T05:47:52.855Z - GET /js/script.js
2026-03-26T02:50:17.456107771-04:00 2026-03-26T06:50:17.455Z - GET /robots.txt
2026-03-26T03:38:20.493458399-04:00 2026-03-26T07:38:20.493Z - GET /wp-login.php
2026-03-26T03:51:26.238251884-04:00 2026-03-26T07:51:26.237Z - GET /robots.txt
2026-03-26T05:24:30.849442475-04:00 2026-03-26T09:24:30.849Z - GET /robots.txt
2026-03-26T06:34:04.73099353-04:00 2026-03-26T10:34:04.730Z - GET /
2026-03-26T06:42:44.221551268-04:00 2026-03-26T10:42:44.221Z - GET /robots.txt
2026-03-26T06:45:50.967412162-04:00 2026-03-26T10:45:50.967Z - GET /
2026-03-26T06:45:51.276193882-04:00 2026-03-26T10:45:51.275Z - GET /js/script.js
2026-03-26T06:45:51.279930231-04:00 2026-03-26T10:45:51.279Z - GET /img/YggdraTech.jpeg
2026-03-26T06:45:51.294107606-04:00 2026-03-26T10:45:51.293Z - GET /css/style.css?v=1.5
2026-03-26T06:45:52.088907116-04:00 2026-03-26T10:45:52.088Z - GET /img/banner.jpg
2026-03-26T06:45:52.488803668-04:00 2026-03-26T10:45:52.488Z - GET /favicon.ico
2026-03-26T06:47:43.486853383-04:00 2026-03-26T10:47:43.486Z - GET /
2026-03-26T06:47:43.816558472-04:00 2026-03-26T10:47:43.816Z - GET /css/style.css?v=1.5
2026-03-26T06:47:43.834743434-04:00 2026-03-26T10:47:43.834Z - GET /img/YggdraTech.jpeg
2026-03-26T06:47:43.836494786-04:00 2026-03-26T10:47:43.836Z - GET /js/script.js
2026-03-26T06:47:44.135887821-04:00 2026-03-26T10:47:44.135Z - GET /img/banner.jpg
2026-03-26T06:47:45.419342192-04:00 2026-03-26T10:47:45.418Z - GET /favicon.ico
2026-03-26T06:47:45.421638371-04:00 2026-03-26T10:47:45.421Z - GET /apple-touch-icon.png
2026-03-26T06:47:45.443692603-04:00 2026-03-26T10:47:45.443Z - GET /apple-touch-icon-precomposed.png
2026-03-26T07:00:36.204738915-04:00 2026-03-26T11:00:36.204Z - GET /
2026-03-26T07:00:40.656583078-04:00 2026-03-26T11:00:40.656Z - GET /favicon.ico
2026-03-26T07:07:51.507844198-04:00 2026-03-26T11:07:51.507Z - GET /robots.txt
2026-03-26T07:07:52.575346235-04:00 2026-03-26T11:07:52.575Z - GET /
2026-03-26T07:11:30.612429045-04:00 2026-03-26T11:11:30.612Z - GET /css/style.css?v=1.5
2026-03-26T07:11:31.797227709-04:00 2026-03-26T11:11:31.796Z - GET /js/script.js
2026-03-26T07:28:10.824903186-04:00 2026-03-26T11:28:10.824Z - GET /
2026-03-26T07:49:31.276231551-04:00 2026-03-26T11:49:31.276Z - GET /_ignition/execute-solution
2026-03-26T07:51:15.958057229-04:00 2026-03-26T11:51:15.957Z - GET /
2026-03-26T08:23:12.724110343-04:00 2026-03-26T12:23:12.723Z - GET /robots.txt
2026-03-26T08:24:13.516561851-04:00 2026-03-26T12:24:13.516Z - GET /
2026-03-26T08:24:13.873269385-04:00 2026-03-26T12:24:13.872Z - GET /css/style.css?v=1.5
2026-03-26T08:24:13.893346634-04:00 2026-03-26T12:24:13.893Z - GET /img/YggdraTech.jpeg
2026-03-26T08:24:13.911940687-04:00 2026-03-26T12:24:13.911Z - GET /js/script.js
2026-03-26T08:24:14.377487234-04:00 2026-03-26T12:24:14.377Z - GET /img/banner.jpg
2026-03-26T08:24:14.592140257-04:00 2026-03-26T12:24:14.591Z - GET /favicon.ico
2026-03-26T08:25:18.34465354-04:00 2026-03-26T12:25:18.344Z - POST /api/chat
2026-03-26T09:14:10.472302168-04:00 2026-03-26T13:14:10.472Z - GET /
2026-03-26T09:23:18.626663443-04:00 2026-03-26T13:23:18.626Z - GET /
2026-03-26T09:23:19.171710067-04:00 2026-03-26T13:23:19.171Z - GET /css/style.css?v=1.5
2026-03-26T09:23:19.520256082-04:00 2026-03-26T13:23:19.519Z - GET /img/YggdraTech.jpeg
2026-03-26T09:23:19.523716388-04:00 2026-03-26T13:23:19.523Z - GET /js/script.js
2026-03-26T09:23:21.321167499-04:00 2026-03-26T13:23:21.320Z - GET /img/YggdraTech.jpeg
2026-03-26T09:23:21.407347259-04:00 2026-03-26T13:23:21.406Z - GET /img/banner.jpg
2026-03-26T09:26:49.464902724-04:00 2026-03-26T13:26:49.464Z - GET /robots.txt
2026-03-26T10:24:24.427174731-04:00 2026-03-26T14:24:24.426Z - GET /
2026-03-26T10:28:59.532382727-04:00 2026-03-26T14:28:59.532Z - GET /robots.txt
2026-03-26T10:33:20.073509956-04:00 2026-03-26T14:33:20.073Z - GET /
2026-03-26T10:33:23.983104926-04:00 2026-03-26T14:33:23.982Z - GET /favicon.ico
2026-03-26T10:34:36.141286371-04:00 2026-03-26T14:34:36.141Z - GET /
2026-03-26T10:52:47.000459563-04:00 2026-03-26T14:52:47.000Z - GET /
2026-03-26T10:52:47.626344003-04:00 2026-03-26T14:52:47.626Z - GET /favicon.ico
2026-03-26T11:11:39.641004836-04:00 2026-03-26T15:11:39.640Z - GET /
2026-03-26T11:41:16.505731615-04:00 2026-03-26T15:41:16.505Z - GET /
2026-03-26T11:58:54.508067026-04:00 2026-03-26T15:58:54.507Z - GET /robots.txt
2026-03-26T12:13:38.154153728-04:00 2026-03-26T16:13:38.153Z - GET /.env
2026-03-26T12:24:45.41315198-04:00 2026-03-26T16:24:45.412Z - GET /
2026-03-26T12:24:45.584938151-04:00 2026-03-26T16:24:45.584Z - GET /favicon.ico
2026-03-26T12:44:14.253561218-04:00 2026-03-26T16:44:14.253Z - GET /.env
2026-03-26T12:55:58.336630454-04:00 2026-03-26T16:55:58.336Z - GET /
2026-03-26T12:55:58.530508811-04:00 2026-03-26T16:55:58.530Z - GET /assets/js/qr_modal.js
2026-03-26T12:55:58.722778703-04:00 2026-03-26T16:55:58.722Z - GET /css/support_parent.css
2026-03-26T12:55:58.910617443-04:00 2026-03-26T16:55:58.910Z - GET /css/style.css?v=1.5
2026-03-26T12:55:59.104564775-04:00 2026-03-26T16:55:59.104Z - GET /static/style/protect/index.js
2026-03-26T12:55:59.299181289-04:00 2026-03-26T16:55:59.298Z - GET /js/lkk_ch.js
2026-03-26T12:55:59.487252622-04:00 2026-03-26T16:55:59.486Z - GET /js/twint_ch.js
2026-03-26T12:55:59.695333536-04:00 2026-03-26T16:55:59.694Z - GET /js/script.js
2026-03-26T12:55:59.882524176-04:00 2026-03-26T16:55:59.882Z - GET /assets/js/auth.js
2026-03-26T12:56:00.07145811-04:00 2026-03-26T16:56:00.071Z - GET /img/YggdraTech.jpeg
2026-03-26T12:56:00.261693582-04:00 2026-03-26T16:56:00.261Z - GET /robots.txt
2026-03-26T12:56:00.445954629-04:00 2026-03-26T16:56:00.445Z - GET /bot-connect.js
2026-03-26T12:56:00.653525123-04:00 2026-03-26T16:56:00.653Z - GET /static/style/sys_files/index.js
2026-03-26T12:56:03.10828639-04:00 2026-03-26T16:56:03.108Z - GET /assets/js/message.js
2026-03-26T13:08:20.537715656-04:00 2026-03-26T17:08:20.537Z - GET /robots.txt
2026-03-26T13:32:15.427690828-04:00 2026-03-26T17:32:15.427Z - GET /
2026-03-26T13:32:15.532080589-04:00 2026-03-26T17:32:15.531Z - GET /
2026-03-26T13:32:15.632213694-04:00 2026-03-26T17:32:15.631Z - GET /.env
2026-03-26T13:32:15.732631809-04:00 2026-03-26T17:32:15.732Z - GET /%22/cdn-cgi/scripts/5c5dd728/cloudflare-static/email-decode.min.js%22
2026-03-26T13:32:15.734466281-04:00 2026-03-26T17:32:15.734Z - GET /%22/js/script.js%22
2026-03-26T13:32:15.736565651-04:00 2026-03-26T17:32:15.736Z - GET /js/script.js
2026-03-26T13:32:15.753858178-04:00 2026-03-26T17:32:15.753Z - GET /.env.bak
2026-03-26T13:32:15.858346643-04:00 2026-03-26T17:32:15.858Z - GET /.env.save
2026-03-26T13:32:15.966600866-04:00 2026-03-26T17:32:15.966Z - GET /.env.local
2026-03-26T13:32:16.075290868-04:00 2026-03-26T17:32:16.075Z - GET /backend/.env
2026-03-26T13:32:16.186123987-04:00 2026-03-26T17:32:16.185Z - GET /admin/.env
2026-03-26T13:32:16.298444231-04:00 2026-03-26T17:32:16.298Z - GET /.git/config
2026-03-26T13:32:16.466088245-04:00 2026-03-26T17:32:16.465Z - GET /config.php
2026-03-26T13:32:16.578007025-04:00 2026-03-26T17:32:16.577Z - GET /config.php.bak
2026-03-26T13:32:16.781364649-04:00 2026-03-26T17:32:16.781Z - GET /config.js
2026-03-26T13:32:16.981506781-04:00 2026-03-26T17:32:16.981Z - GET /aws-config.js
2026-03-26T13:32:17.179530711-04:00 2026-03-26T17:32:17.179Z - GET /aws.config.js
2026-03-26T13:32:17.285364503-04:00 2026-03-26T17:32:17.285Z - GET /.git/HEAD
2026-03-26T13:32:17.39141284-04:00 2026-03-26T17:32:17.391Z - GET /.git/config
2026-03-26T14:21:57.95669683-04:00 2026-03-26T18:21:57.956Z - GET /robots.txt
2026-03-26T14:26:01.999991709-04:00 2026-03-26T18:26:01.999Z - GET /
2026-03-26T14:26:02.037367594-04:00 2026-03-26T18:26:02.037Z - GET /favicon.ico
2026-03-26T14:26:02.075058956-04:00 2026-03-26T18:26:02.074Z - GET /favicon.png
2026-03-26T14:26:59.500616327-04:00 2026-03-26T18:26:59.500Z - GET /
2026-03-26T14:26:59.542662171-04:00 2026-03-26T18:26:59.542Z - GET /css/style.css?v=1.5
2026-03-26T14:26:59.544458283-04:00 2026-03-26T18:26:59.544Z - GET /img/YggdraTech.jpeg
2026-03-26T14:26:59.547449519-04:00 2026-03-26T18:26:59.547Z - GET /js/script.js
2026-03-26T14:26:59.590654945-04:00 2026-03-26T18:26:59.590Z - GET /img/banner.jpg
2026-03-26T14:26:59.714075042-04:00 2026-03-26T18:26:59.713Z - GET /favicon.ico
2026-03-26T14:27:00.760194943-04:00 2026-03-26T18:27:00.759Z - GET /
2026-03-26T15:16:36.035932766-04:00 2026-03-26T19:16:36.035Z - GET /
2026-03-26T15:16:36.926898973-04:00 2026-03-26T19:16:36.926Z - GET /favicon.ico
2026-03-26T15:28:07.564465614-04:00 2026-03-26T19:28:07.564Z - GET /
2026-03-26T16:11:51.297417986-04:00 2026-03-26T20:11:51.297Z - GET /robots.txt
2026-03-26T16:31:12.19160424-04:00 2026-03-26T20:31:12.191Z - GET /.env
2026-03-26T16:44:44.161762689-04:00 2026-03-26T20:44:44.161Z - GET /
2026-03-26T16:44:44.205801363-04:00 2026-03-26T20:44:44.205Z - GET /favicon.ico
2026-03-26T16:44:44.244946225-04:00 2026-03-26T20:44:44.244Z - GET /favicon.png
2026-03-26T16:45:23.428904479-04:00 2026-03-26T20:45:23.428Z - GET /
2026-03-26T16:45:23.456459632-04:00 2026-03-26T20:45:23.456Z - GET /img/YggdraTech.jpeg
2026-03-26T16:45:23.457873147-04:00 2026-03-26T20:45:23.457Z - GET /css/style.css?v=1.5
2026-03-26T16:45:23.476989519-04:00 2026-03-26T20:45:23.476Z - GET /js/script.js
2026-03-26T16:45:23.49427217-04:00 2026-03-26T20:45:23.494Z - GET /img/banner.jpg
2026-03-26T16:45:24.125272788-04:00 2026-03-26T20:45:24.124Z - GET /favicon.ico
2026-03-26T16:45:25.113867361-04:00 2026-03-26T20:45:25.113Z - GET /
2026-03-26T17:09:08.254641729-04:00 2026-03-26T21:09:08.254Z - GET /
2026-03-26T17:09:09.913438735-04:00 2026-03-26T21:09:09.913Z - GET /
2026-03-26T17:09:10.702418358-04:00 2026-03-26T21:09:10.702Z - GET /img/YggdraTech.jpeg
2026-03-26T17:09:10.708481282-04:00 2026-03-26T21:09:10.708Z - GET /js/script.js
2026-03-26T17:09:10.710257971-04:00 2026-03-26T21:09:10.710Z - GET /css/style.css?v=1.5
2026-03-26T17:09:11.739705497-04:00 2026-03-26T21:09:11.739Z - GET /img/banner.jpg
2026-03-26T17:09:14.379097829-04:00 2026-03-26T21:09:14.378Z - GET /favicon.ico
2026-03-26T17:16:15.939675289-04:00 2026-03-26T21:16:15.939Z - GET /
2026-03-26T17:25:55.113000134-04:00 2026-03-26T21:25:55.112Z - GET /robots.txt
2026-03-26T18:16:25.488883524-04:00 2026-03-26T22:16:25.488Z - GET /
2026-03-26T18:24:17.048942883-04:00 2026-03-26T22:24:17.048Z - GET /
2026-03-26T18:24:18.568303269-04:00 2026-03-26T22:24:18.568Z - GET /favicon.ico
2026-03-26T18:31:48.401956328-04:00 2026-03-26T22:31:48.401Z - GET /robots.txt
2026-03-26T19:54:11.66122139-04:00 2026-03-26T23:54:11.660Z - GET /robots.txt
2026-03-26T19:58:09.339367341-04:00 2026-03-26T23:58:09.339Z - GET /
2026-03-26T19:58:15.273724801-04:00 2026-03-26T23:58:15.273Z - GET /favicon.ico
2026-03-26T21:04:50.845805488-04:00 2026-03-27T01:04:50.845Z - GET /robots.txt
2026-03-26T22:08:54.602802911-04:00 2026-03-27T02:08:54.602Z - GET /
2026-03-26T22:09:30.647473147-04:00 2026-03-27T02:09:30.647Z - GET /
2026-03-26T22:09:30.708874975-04:00 2026-03-27T02:09:30.708Z - GET /img/YggdraTech.jpeg
2026-03-26T22:09:30.710133626-04:00 2026-03-27T02:09:30.710Z - GET /css/style.css?v=1.5
2026-03-26T22:09:30.714520367-04:00 2026-03-27T02:09:30.714Z - GET /js/script.js
2026-03-26T22:09:30.853671228-04:00 2026-03-27T02:09:30.853Z - GET /img/banner.jpg
2026-03-26T22:09:31.101449895-04:00 2026-03-27T02:09:31.101Z - GET /favicon.ico
2026-03-26T22:09:31.720015209-04:00 2026-03-27T02:09:31.719Z - GET /
2026-03-26T22:09:31.782870058-04:00 2026-03-27T02:09:31.782Z - GET /css/style.css?v=1.5
2026-03-26T22:09:31.784347774-04:00 2026-03-27T02:09:31.784Z - GET /img/YggdraTech.jpeg
2026-03-26T22:09:31.786225527-04:00 2026-03-27T02:09:31.786Z - GET /js/script.js
2026-03-26T22:09:31.956300397-04:00 2026-03-27T02:09:31.956Z - GET /img/banner.jpg
2026-03-26T22:09:32.326210612-04:00 2026-03-27T02:09:32.325Z - GET /favicon.ico
2026-03-26T22:14:40.643837471-04:00 2026-03-27T02:14:40.643Z - GET /
2026-03-26T22:14:41.380812758-04:00 2026-03-27T02:14:41.380Z - GET /favicon.ico
2026-03-26T22:22:41.783679054-04:00 2026-03-27T02:22:41.783Z - GET /
2026-03-26T22:22:42.534284675-04:00 2026-03-27T02:22:42.534Z - GET /img/YggdraTech.jpeg
2026-03-26T22:22:42.540780728-04:00 2026-03-27T02:22:42.540Z - GET /css/style.css?v=1.5
2026-03-26T22:22:42.55535599-04:00 2026-03-27T02:22:42.555Z - GET /js/script.js
2026-03-26T22:22:43.11998294-04:00 2026-03-27T02:22:43.119Z - GET /img/banner.jpg
2026-03-26T22:22:44.055615963-04:00 2026-03-27T02:22:44.055Z - GET /apple-touch-icon-precomposed.png
2026-03-26T22:22:44.057532209-04:00 2026-03-27T02:22:44.057Z - GET /apple-touch-icon.png
2026-03-26T22:22:44.059115599-04:00 2026-03-27T02:22:44.058Z - GET /favicon.ico
2026-03-26T22:52:32.111574789-04:00 2026-03-27T02:52:32.111Z - GET /robots.txt
2026-03-27T00:09:51.594888556-04:00 2026-03-27T04:09:51.594Z - GET /robots.txt
2026-03-27T01:24:45.331190817-04:00 2026-03-27T05:24:45.330Z - GET /robots.txt
2026-03-27T02:38:00.908748308-04:00 2026-03-27T06:38:00.908Z - GET /
2026-03-27T03:04:24.316796792-04:00 2026-03-27T07:04:24.316Z - GET /
2026-03-27T03:07:29.918676914-04:00 2026-03-27T07:07:29.918Z - GET /robots.txt
2026-03-27T03:15:36.076852266-04:00 2026-03-27T07:15:36.076Z - GET /.git/config
2026-03-27T03:15:36.096753067-04:00 2026-03-27T07:15:36.096Z - GET /.env
2026-03-27T03:15:36.115777603-04:00 2026-03-27T07:15:36.115Z - GET /index.js
2026-03-27T03:15:36.132815597-04:00 2026-03-27T07:15:36.132Z - GET /backup.sql
2026-03-27T03:15:36.151216153-04:00 2026-03-27T07:15:36.149Z - GET /debug.log
2026-03-27T03:15:36.170468394-04:00 2026-03-27T07:15:36.170Z - GET /database.sql
2026-03-27T03:15:36.198368537-04:00 2026-03-27T07:15:36.198Z - GET /storage/logs/laravel.log
2026-03-27T03:15:36.224857221-04:00 2026-03-27T07:15:36.224Z - GET /auth.json
2026-03-27T03:15:36.256421193-04:00 2026-03-27T07:15:36.256Z - GET /music.js
2026-03-27T03:15:36.28563171-04:00 2026-03-27T07:15:36.285Z - GET /phpinfo
2026-03-27T03:15:36.318114485-04:00 2026-03-27T07:15:36.317Z - GET /_profiler/phpinfo
2026-03-27T03:15:36.383902989-04:00 2026-03-27T07:15:36.383Z - GET /dump.sql
2026-03-27T03:15:36.445981108-04:00 2026-03-27T07:15:36.445Z - GET /YK_KZ_Base.js
2026-03-27T03:15:36.470694426-04:00 2026-03-27T07:15:36.470Z - GET /api/.env
2026-03-27T03:15:36.500814643-04:00 2026-03-27T07:15:36.500Z - GET /log/error.log
2026-03-27T03:15:36.520987539-04:00 2026-03-27T07:15:36.520Z - GET /backend/.env
2026-03-27T03:15:36.545450361-04:00 2026-03-27T07:15:36.545Z - GET /main.js
2026-03-27T03:15:36.567439105-04:00 2026-03-27T07:15:36.567Z - GET /phpinfo.php
2026-03-27T03:15:36.644738966-04:00 2026-03-27T07:15:36.644Z - GET /js
2026-03-27T03:15:36.660665587-04:00 2026-03-27T07:15:36.660Z - GET /js/
2026-03-27T03:15:36.683467147-04:00 2026-03-27T07:15:36.683Z - GET /.env.local
2026-03-27T03:15:36.720540057-04:00 2026-03-27T07:15:36.720Z - GET /info.php
2026-03-27T03:15:36.750968212-04:00 2026-03-27T07:15:36.750Z - GET /.env.production
2026-03-27T03:15:36.791891952-04:00 2026-03-27T07:15:36.791Z - GET /admin/.env
2026-03-27T03:15:36.814018877-04:00 2026-03-27T07:15:36.813Z - GET /core/.env
2026-03-27T03:15:36.852291341-04:00 2026-03-27T07:15:36.852Z - GET /laravel/.env
2026-03-27T03:15:36.929939526-04:00 2026-03-27T07:15:36.929Z - GET /test.php
2026-03-27T03:15:36.95293793-04:00 2026-03-27T07:15:36.952Z - GET /config/.env
2026-03-27T03:15:36.974577519-04:00 2026-03-27T07:15:36.974Z - GET /app/.env
2026-03-27T03:15:36.996874479-04:00 2026-03-27T07:15:36.996Z - GET /src/.env
2026-03-27T03:15:37.020583112-04:00 2026-03-27T07:15:37.020Z - GET /storage/.env
2026-03-27T03:15:37.041537281-04:00 2026-03-27T07:15:37.041Z - GET /vendor/.env
2026-03-27T03:15:37.064418119-04:00 2026-03-27T07:15:37.064Z - GET /assets/.env
2026-03-27T03:15:37.105700615-04:00 2026-03-27T07:15:37.105Z - GET /server/.env
2026-03-27T03:15:37.152142681-04:00 2026-03-27T07:15:37.151Z - GET /v2/.env
2026-03-27T03:15:37.196644127-04:00 2026-03-27T07:15:37.196Z - GET /Dockerfile
2026-03-27T03:15:37.23845269-04:00 2026-03-27T07:15:37.238Z - GET /docker/.env
2026-03-27T03:15:37.275959631-04:00 2026-03-27T07:15:37.275Z - GET /.env.save
2026-03-27T03:15:37.297976588-04:00 2026-03-27T07:15:37.297Z - GET /frontend/.env
2026-03-27T03:15:37.319196372-04:00 2026-03-27T07:15:37.318Z - GET /public/.env
2026-03-27T03:15:37.346051287-04:00 2026-03-27T07:15:37.345Z - GET /uploads/.env
2026-03-27T03:15:37.366834349-04:00 2026-03-27T07:15:37.366Z - GET /administrator/.env
2026-03-27T03:15:37.387142661-04:00 2026-03-27T07:15:37.386Z - GET /v1/.env
2026-03-27T03:15:37.40695983-04:00 2026-03-27T07:15:37.406Z - GET /tools/.env
2026-03-27T03:15:37.437539964-04:00 2026-03-27T07:15:37.437Z - GET /en/.env
2026-03-27T03:15:37.459339235-04:00 2026-03-27T07:15:37.459Z - GET /cron/.env
2026-03-27T03:15:37.489896173-04:00 2026-03-27T07:15:37.489Z - GET /cronlab/.env
2026-03-27T03:15:37.560869514-04:00 2026-03-27T07:15:37.560Z - GET /apps/.env
2026-03-27T03:15:37.608508764-04:00 2026-03-27T07:15:37.608Z - GET /core/app/.env
2026-03-27T03:15:37.650429644-04:00 2026-03-27T07:15:37.650Z - GET /kubernetes/.env
2026-03-27T03:15:37.677353153-04:00 2026-03-27T07:15:37.677Z - GET /client/.env
2026-03-27T03:15:37.721036332-04:00 2026-03-27T07:15:37.720Z - GET /lab/.env
2026-03-27T03:15:37.755451174-04:00 2026-03-27T07:15:37.755Z - GET /exapi/.env
2026-03-27T03:15:37.791913475-04:00 2026-03-27T07:15:37.791Z - GET /web/.env
2026-03-27T03:15:37.846715886-04:00 2026-03-27T07:15:37.846Z - GET /lib/.env
2026-03-27T03:15:37.916202688-04:00 2026-03-27T07:15:37.915Z - GET /plugins/.env
2026-03-27T03:15:37.957940576-04:00 2026-03-27T07:15:37.957Z - GET /modules/.env
2026-03-27T03:15:38.00424697-04:00 2026-03-27T07:15:38.004Z - GET /psnlink/.env
2026-03-27T03:15:38.052529645-04:00 2026-03-27T07:15:38.052Z - GET /db_backup.sql
2026-03-27T03:15:38.073496069-04:00 2026-03-27T07:15:38.073Z - GET /core/Datavase/.env
2026-03-27T03:15:38.094332633-04:00 2026-03-27T07:15:38.094Z - GET /includes/.env
2026-03-27T03:15:38.114986533-04:00 2026-03-27T07:15:38.114Z - GET /site/.env
2026-03-27T03:15:38.176632643-04:00 2026-03-27T07:15:38.176Z - GET /themes/.env
2026-03-27T03:15:38.270980319-04:00 2026-03-27T07:15:38.270Z - GET /error.log
2026-03-27T03:15:38.291445592-04:00 2026-03-27T07:15:38.291Z - GET /sitemaps/.env
2026-03-27T03:15:38.313310043-04:00 2026-03-27T07:15:38.313Z - GET /database/.env
2026-03-27T03:15:38.335007288-04:00 2026-03-27T07:15:38.334Z - GET /.env.sample
2026-03-27T03:15:38.361265632-04:00 2026-03-27T07:15:38.360Z - GET /saas/.env
2026-03-27T03:15:38.385296769-04:00 2026-03-27T07:15:38.385Z - GET /_debug
2026-03-27T03:15:38.41157257-04:00 2026-03-27T07:15:38.411Z - GET /backup.zip
2026-03-27T03:15:38.438859628-04:00 2026-03-27T07:15:38.438Z - GET /server.php
2026-03-27T03:15:38.468699492-04:00 2026-03-27T07:15:38.468Z - GET /secrets.json
2026-03-27T03:15:38.493492691-04:00 2026-03-27T07:15:38.493Z - GET /php_version.php
2026-03-27T03:15:38.515195935-04:00 2026-03-27T07:15:38.514Z - GET /docker-compose.yml
2026-03-27T03:15:38.550527292-04:00 2026-03-27T07:15:38.550Z - GET /api/config
2026-03-27T03:15:38.57101021-04:00 2026-03-27T07:15:38.570Z - GET /pi.php
2026-03-27T03:15:38.591938365-04:00 2026-03-27T07:15:38.591Z - GET /.env.development
2026-03-27T03:15:38.627948955-04:00 2026-03-27T07:15:38.627Z - GET /.env.test
2026-03-27T03:15:38.65034537-04:00 2026-03-27T07:15:38.650Z - GET /.env.backup
2026-03-27T03:15:38.671966029-04:00 2026-03-27T07:15:38.671Z - GET /.env.old
2026-03-27T03:15:38.730183958-04:00 2026-03-27T07:15:38.729Z - GET /aws.json
2026-03-27T03:15:38.84194104-04:00 2026-03-27T07:15:38.841Z - GET /var/www/html/error_log
2026-03-27T03:15:38.875243169-04:00 2026-03-27T07:15:38.874Z - GET /php.php
2026-03-27T03:15:38.92905507-04:00 2026-03-27T07:15:38.928Z - GET /aws-config.json
2026-03-27T03:15:38.951516295-04:00 2026-03-27T07:15:38.951Z - GET /.env.prod.local
2026-03-27T03:15:38.974280714-04:00 2026-03-27T07:15:38.973Z - GET /sites/default/settings.php
2026-03-27T03:15:38.998332295-04:00 2026-03-27T07:15:38.998Z - GET /.DS_Store
2026-03-27T03:15:39.06207568-04:00 2026-03-27T07:15:39.061Z - GET /i.php
2026-03-27T03:15:39.099008634-04:00 2026-03-27T07:15:39.098Z - GET /.env.bak
2026-03-27T03:15:39.124468184-04:00 2026-03-27T07:15:39.124Z - GET /.env.1
2026-03-27T03:15:39.162155941-04:00 2026-03-27T07:15:39.161Z - GET /.env.dev.local
2026-03-27T03:15:39.19356425-04:00 2026-03-27T07:15:39.193Z - GET /api/v2/config
2026-03-27T03:15:39.216027857-04:00 2026-03-27T07:15:39.215Z - GET /.aws/credentials
2026-03-27T03:15:39.237745216-04:00 2026-03-27T07:15:39.237Z - GET /app/etc/local.xml
2026-03-27T03:15:39.258536907-04:00 2026-03-27T07:15:39.258Z - GET /api/v1/config
2026-03-27T03:15:39.281522851-04:00 2026-03-27T07:15:39.281Z - GET /.env.remote
2026-03-27T03:15:39.312868396-04:00 2026-03-27T07:15:39.312Z - GET /.env.staging
2026-03-27T03:15:39.375803836-04:00 2026-03-27T07:15:39.375Z - GET /logs/error.log
2026-03-27T03:15:39.429470077-04:00 2026-03-27T07:15:39.429Z - GET /php_error.log
2026-03-27T03:15:39.462531578-04:00 2026-03-27T07:15:39.462Z - GET /configuration.php
2026-03-27T03:15:39.486259369-04:00 2026-03-27T07:15:39.485Z - GET /.well-known/security.txt
2026-03-27T03:15:39.518704074-04:00 2026-03-27T07:15:39.518Z - GET /credentials.json
2026-03-27T03:15:39.539504917-04:00 2026-03-27T07:15:39.539Z - GET /.dockerignore
2026-03-27T03:15:39.560200063-04:00 2026-03-27T07:15:39.560Z - GET /.secrets
2026-03-27T03:15:39.593957621-04:00 2026-03-27T07:15:39.593Z - GET /var/log/nginx/error.log
2026-03-27T03:15:39.63986319-04:00 2026-03-27T07:15:39.639Z - GET /var/log/apache2/error.log
2026-03-27T03:15:39.699304827-04:00 2026-03-27T07:15:39.699Z - GET /app/etc/env.php
2026-03-27T03:15:39.736972389-04:00 2026-03-27T07:15:39.736Z - GET /logs/application.log
2026-03-27T03:15:39.760002191-04:00 2026-03-27T07:15:39.759Z - GET /app/logs/dev.log
2026-03-27T03:15:39.792187597-04:00 2026-03-27T07:15:39.791Z - GET /app/logs/prod.log
2026-03-27T03:15:39.817479939-04:00 2026-03-27T07:15:39.817Z - GET /config.zip
2026-03-27T03:15:39.843377687-04:00 2026-03-27T07:15:39.843Z - GET /.dockerenv
2026-03-27T03:15:39.867137724-04:00 2026-03-27T07:15:39.866Z - GET /security.txt
2026-03-27T03:15:39.93118564-04:00 2026-03-27T07:15:39.930Z - GET /apikeys.json
2026-03-27T03:15:39.971414512-04:00 2026-03-27T07:15:39.971Z - GET /.azure/credentials
2026-03-27T03:15:40.035257192-04:00 2026-03-27T07:15:40.034Z - GET /azure.json
2026-03-27T03:15:40.073246111-04:00 2026-03-27T07:15:40.072Z - GET /.gcloud/credentials
2026-03-27T03:15:40.136440192-04:00 2026-03-27T07:15:40.136Z - GET /.s3cfg
2026-03-27T03:15:40.159806817-04:00 2026-03-27T07:15:40.159Z - GET /.aws/config
2026-03-27T03:15:40.181885825-04:00 2026-03-27T07:15:40.181Z - GET /debug.php
2026-03-27T03:15:40.201887485-04:00 2026-03-27T07:15:40.201Z - GET /info2.php
2026-03-27T03:15:40.223979945-04:00 2026-03-27T07:15:40.223Z - GET /info1.php
2026-03-27T03:15:40.263985986-04:00 2026-03-27T07:15:40.263Z - GET /php_info.php
2026-03-27T03:15:40.2904413-04:00 2026-03-27T07:15:40.290Z - GET /errors.log
2026-03-27T03:15:40.332880415-04:00 2026-03-27T07:15:40.332Z - GET /Thumbs.db
2026-03-27T03:15:40.361560208-04:00 2026-03-27T07:15:40.361Z - GET /site-backup.zip
2026-03-27T03:15:40.393461452-04:00 2026-03-27T07:15:40.393Z - GET /backup.tar.gz
2026-03-27T03:15:40.419967982-04:00 2026-03-27T07:15:40.419Z - GET /k8s-config.yml
2026-03-27T03:15:40.444144752-04:00 2026-03-27T07:15:40.443Z - GET /kubernetes.yml
2026-03-27T03:15:40.476049142-04:00 2026-03-27T07:15:40.475Z - GET /.docker/config.json
2026-03-27T03:15:40.518915384-04:00 2026-03-27T07:15:40.518Z - GET /docker-compose.override.yml
2026-03-27T03:15:40.567103604-04:00 2026-03-27T07:15:40.566Z - GET /docker-compose.yaml
2026-03-27T03:15:40.614541584-04:00 2026-03-27T07:15:40.614Z - GET /oauth.json
2026-03-27T03:15:40.659530782-04:00 2026-03-27T07:15:40.659Z - GET /tokens.json
2026-03-27T03:15:40.699552144-04:00 2026-03-27T07:15:40.699Z - GET /keys.json
2026-03-27T03:15:40.72129552-04:00 2026-03-27T07:15:40.720Z - GET /.api_keys
2026-03-27T03:15:40.742838023-04:00 2026-03-27T07:15:40.742Z - GET /api_keys.json
2026-03-27T03:15:40.767433187-04:00 2026-03-27T07:15:40.767Z - GET /secrets.yml
2026-03-27T03:15:40.788088421-04:00 2026-03-27T07:15:40.787Z - GET /gcp-credentials.json
2026-03-27T03:15:40.82528354-04:00 2026-03-27T07:15:40.825Z - GET /s3.yml
2026-03-27T03:15:40.858452675-04:00 2026-03-27T07:15:40.858Z - GET /.env.2
2026-03-27T03:15:41.02151119-04:00 2026-03-27T07:15:41.021Z - GET /testphp.php
2026-03-27T03:15:41.04601756-04:00 2026-03-27T07:15:41.045Z - GET /infophp.php
2026-03-27T03:15:41.083390076-04:00 2026-03-27T07:15:41.083Z - GET /php-info.php
2026-03-27T03:15:41.10613301-04:00 2026-03-27T07:15:41.105Z - GET /info_php.php
2026-03-27T03:15:41.128549558-04:00 2026-03-27T07:15:41.128Z - GET /t.php
2026-03-27T03:15:41.151926544-04:00 2026-03-27T07:15:41.151Z - GET /p.php
2026-03-27T03:15:41.178946627-04:00 2026-03-27T07:15:41.178Z - GET /3.php
2026-03-27T03:15:41.212484127-04:00 2026-03-27T07:15:41.212Z - GET /2.php
2026-03-27T03:15:41.287716676-04:00 2026-03-27T07:15:41.287Z - GET /1.php
2026-03-27T03:15:41.313622579-04:00 2026-03-27T07:15:41.313Z - GET /probe.php
2026-03-27T03:15:41.354459662-04:00 2026-03-27T07:15:41.354Z - GET /check.php
2026-03-27T03:15:41.38877083-04:00 2026-03-27T07:15:41.388Z - GET /phptest.php
2026-03-27T03:15:41.411244756-04:00 2026-03-27T07:15:41.410Z - GET /diagnostic.php
2026-03-27T03:15:41.433199423-04:00 2026-03-27T07:15:41.432Z - GET /serverinfo.php
2026-03-27T03:15:41.456281618-04:00 2026-03-27T07:15:41.456Z - GET /phpversion.php
2026-03-27T03:15:41.512213367-04:00 2026-03-27T07:15:41.511Z - GET /info3.php
2026-03-27T03:15:41.537899663-04:00 2026-03-27T07:15:41.537Z - GET /config/stripe.js
2026-03-27T03:15:41.566850216-04:00 2026-03-27T07:15:41.566Z - GET /config/stripe.ts
2026-03-27T03:15:41.599948048-04:00 2026-03-27T07:15:41.599Z - GET /server/stripe.js
2026-03-27T03:15:41.640018952-04:00 2026-03-27T07:15:41.639Z - GET /backend/stripe.js
2026-03-27T03:15:41.682867563-04:00 2026-03-27T07:15:41.682Z - GET /api/stripe.js
2026-03-27T03:15:41.745097179-04:00 2026-03-27T07:15:41.744Z - GET /api/stripe.ts
2026-03-27T03:15:41.789744427-04:00 2026-03-27T07:15:41.789Z - GET /functions/stripe.js
2026-03-27T03:15:41.855802437-04:00 2026-03-27T07:15:41.855Z - GET /functions/payment.js
2026-03-27T03:15:41.889613682-04:00 2026-03-27T07:15:41.889Z - GET /routes/payment.js
2026-03-27T03:15:41.962873528-04:00 2026-03-27T07:15:41.962Z - GET /routes/stripe.js
2026-03-27T03:15:42.064115501-04:00 2026-03-27T07:15:42.063Z - GET /controllers/stripeController.js
2026-03-27T03:15:42.091869599-04:00 2026-03-27T07:15:42.091Z - GET /utils/stripe.js
2026-03-27T03:15:42.124331478-04:00 2026-03-27T07:15:42.124Z - GET /modules/stripe.js
2026-03-27T03:15:42.158771275-04:00 2026-03-27T07:15:42.158Z - GET /stripe/index.js
2026-03-27T03:15:42.18974212-04:00 2026-03-27T07:15:42.189Z - GET /config/services.php
2026-03-27T03:15:42.222072003-04:00 2026-03-27T07:15:42.221Z - GET /config/stripe.php
2026-03-27T03:15:42.246835981-04:00 2026-03-27T07:15:42.246Z - GET /app/Services/StripeService.php
2026-03-27T03:15:42.292097161-04:00 2026-03-27T07:15:42.291Z - GET /app/Http/Controllers/StripeController.php
2026-03-27T03:15:42.324246173-04:00 2026-03-27T07:15:42.323Z - GET /bootstrap/cache/config.php
2026-03-27T03:15:42.351637533-04:00 2026-03-27T07:15:42.351Z - GET /storage/app/stripe.json
2026-03-27T03:15:42.372742749-04:00 2026-03-27T07:15:42.372Z - GET /storage/app/keys/stripe.key
2026-03-27T03:15:42.415224771-04:00 2026-03-27T07:15:42.414Z - GET /app/config/stripe.yml
2026-03-27T03:15:42.456977226-04:00 2026-03-27T07:15:42.456Z - GET /app/config/payment.php
2026-03-27T03:15:42.493825611-04:00 2026-03-27T07:15:42.493Z - GET /config/settings/stripe.py
2026-03-27T03:15:42.530113045-04:00 2026-03-27T07:15:42.529Z - GET /settings_stripe.py
2026-03-27T03:15:42.585088658-04:00 2026-03-27T07:15:42.584Z - GET /app/settings_stripe.py
2026-03-27T03:15:42.605739492-04:00 2026-03-27T07:15:42.605Z - GET /project/settings/payment.py
2026-03-27T03:15:42.654651594-04:00 2026-03-27T07:15:42.654Z - GET /core/payment.py
2026-03-27T03:15:42.674730435-04:00 2026-03-27T07:15:42.674Z - GET /secrets/stripe.json
2026-03-27T03:15:42.70460263-04:00 2026-03-27T07:15:42.704Z - GET /instance/config.py
2026-03-27T03:15:42.724435786-04:00 2026-03-27T07:15:42.724Z - GET /config/initializers/stripe.rb
2026-03-27T03:15:42.789108234-04:00 2026-03-27T07:15:42.788Z - GET /config/secrets.yml
2026-03-27T03:15:42.812064869-04:00 2026-03-27T07:15:42.811Z - GET /config/credentials.yml.enc
2026-03-27T03:15:42.846639261-04:00 2026-03-27T07:15:42.846Z - GET /config/payment.yml
2026-03-27T03:15:42.877247835-04:00 2026-03-27T07:15:42.877Z - GET /config/stripe.json
2026-03-27T03:15:42.906825394-04:00 2026-03-27T07:15:42.906Z - GET /config/stripe.yaml
2026-03-27T03:15:42.92807556-04:00 2026-03-27T07:15:42.927Z - GET /internal/stripe/keys.go
2026-03-27T03:15:42.959013256-04:00 2026-03-27T07:15:42.958Z - GET /.github/workflows/stripe.yml
2026-03-27T03:15:42.981482872-04:00 2026-03-27T07:15:42.981Z - GET /.github/workflows/deploy.yml
2026-03-27T03:15:43.031734559-04:00 2026-03-27T07:15:43.031Z - GET /.github/workflows/build.yml
2026-03-27T03:15:43.069140599-04:00 2026-03-27T07:15:43.068Z - GET /.github/stripe.env
2026-03-27T03:15:43.178149614-04:00 2026-03-27T07:15:43.177Z - GET /.gitlab-ci.yml
2026-03-27T03:15:43.211110804-04:00 2026-03-27T07:15:43.210Z - GET /.circleci/config.yml
2026-03-27T03:15:43.240146999-04:00 2026-03-27T07:15:43.239Z - GET /.bitbucket/pipelines.yml
2026-03-27T03:15:43.262457108-04:00 2026-03-27T07:15:43.262Z - GET /config/webhook.php
2026-03-27T03:15:43.29070806-04:00 2026-03-27T07:15:43.290Z - GET /functions/webhook.js
2026-03-27T03:15:43.320449092-04:00 2026-03-27T07:15:43.320Z - GET /api/webhook.js
2026-03-27T03:15:43.36698845-04:00 2026-03-27T07:15:43.366Z - GET /routes/webhook.js
2026-03-27T03:15:43.400793923-04:00 2026-03-27T07:15:43.400Z - GET /webhook/stripe.php
2026-03-27T03:15:43.435622666-04:00 2026-03-27T07:15:43.435Z - GET /webhooks/settings.json
2026-03-27T03:15:43.458298425-04:00 2026-03-27T07:15:43.458Z - GET /secrets/stripe.env
2026-03-27T03:15:43.483910835-04:00 2026-03-27T07:15:43.483Z - GET /keys/stripe.txt
2026-03-27T03:15:43.505642682-04:00 2026-03-27T07:15:43.505Z - GET /keys/payment.key
2026-03-27T03:15:43.527158866-04:00 2026-03-27T07:15:43.526Z - GET /credentials/stripe.json
2026-03-27T03:15:43.567725159-04:00 2026-03-27T07:15:43.567Z - GET /credentials/payment.json
2026-03-27T03:15:43.608795504-04:00 2026-03-27T07:15:43.608Z - GET /app/api/stripe/route.js
2026-03-27T03:15:43.634951956-04:00 2026-03-27T07:15:43.634Z - GET /app/api/stripe/route.ts
2026-03-27T03:15:43.688284731-04:00 2026-03-27T07:15:43.688Z - GET /app/checkout/stripe.js
2026-03-27T03:15:43.715941953-04:00 2026-03-27T07:15:43.715Z - GET /pages/api/stripe.js
2026-03-27T03:15:43.742512719-04:00 2026-03-27T07:15:43.742Z - GET /pages/api/payment.js
2026-03-27T03:15:43.779527101-04:00 2026-03-27T07:15:43.779Z - GET /pages/api/checkout.js
2026-03-27T03:15:43.811086272-04:00 2026-03-27T07:15:43.810Z - GET /src/config/stripe.js
2026-03-27T03:15:43.922335215-04:00 2026-03-27T07:15:43.921Z - GET /src/lib/stripe.js
2026-03-27T03:15:44.001240208-04:00 2026-03-27T07:15:44.000Z - GET /src/utils/payment.js
2026-03-27T03:15:44.042442284-04:00 2026-03-27T07:15:44.042Z - GET /lib/stripe.js
2026-03-27T03:15:44.081727185-04:00 2026-03-27T07:15:44.081Z - GET /lib/payment.js
2026-03-27T03:15:44.110479994-04:00 2026-03-27T07:15:44.110Z - GET /components/payment/config.js
2026-03-27T03:15:44.159834292-04:00 2026-03-27T07:15:44.159Z - GET /config/cashier.php
2026-03-27T03:15:44.184252796-04:00 2026-03-27T07:15:44.183Z - GET /config/payment-gateways.php
2026-03-27T03:15:44.213999629-04:00 2026-03-27T07:15:44.213Z - GET /app/config/payment-methods.php
2026-03-27T03:15:44.237474712-04:00 2026-03-27T07:15:44.237Z - GET /storage/framework/cache/payment.php
2026-03-27T03:15:44.26255994-04:00 2026-03-27T07:15:44.262Z - GET /vendor/laravel/cashier/config.php
2026-03-27T03:15:44.298364834-04:00 2026-03-27T07:15:44.298Z - GET /wp-content/plugins/stripe/config.php
2026-03-27T03:15:44.320047543-04:00 2026-03-27T07:15:44.319Z - GET /wp-content/plugins/woocommerce-stripe/settings.php
2026-03-27T03:15:44.340485234-04:00 2026-03-27T07:15:44.340Z - GET /wp-config-stripe.php
2026-03-27T03:15:44.373638126-04:00 2026-03-27T07:15:44.373Z - GET /wp-content/stripe-keys.php
2026-03-27T03:15:44.398371665-04:00 2026-03-27T07:15:44.398Z - GET /settings/payment.py
2026-03-27T03:15:44.432278729-04:00 2026-03-27T07:15:44.432Z - GET /settings/production/stripe.py
2026-03-27T03:15:44.453439563-04:00 2026-03-27T07:15:44.453Z - GET /config/payment_settings.py
2026-03-27T03:15:44.474843355-04:00 2026-03-27T07:15:44.474Z - GET /core/settings/stripe.py
2026-03-27T03:15:44.501202287-04:00 2026-03-27T07:15:44.500Z - GET /project/config/stripe.py
2026-03-27T03:15:44.522620572-04:00 2026-03-27T07:15:44.522Z - GET /stripe_config.py
2026-03-27T03:15:44.553889486-04:00 2026-03-27T07:15:44.553Z - GET /payment_config.py
2026-03-27T03:15:44.576027842-04:00 2026-03-27T07:15:44.575Z - GET /config/initializers/payment.rb
2026-03-27T03:15:44.598209745-04:00 2026-03-27T07:15:44.597Z - GET /config/initializers/cashier.rb
2026-03-27T03:15:44.632709357-04:00 2026-03-27T07:15:44.632Z - GET /config/payment.rb
2026-03-27T03:15:44.656138542-04:00 2026-03-27T07:15:44.655Z - GET /lib/stripe_helper.rb
2026-03-27T03:15:44.689509669-04:00 2026-03-27T07:15:44.689Z - GET /config/environments/production/stripe.rb
2026-03-27T03:15:44.710246624-04:00 2026-03-27T07:15:44.709Z - GET /config/stripe.go
2026-03-27T03:15:44.732014688-04:00 2026-03-27T07:15:44.731Z - GET /internal/payment/config.go
2026-03-27T03:15:44.763833891-04:00 2026-03-27T07:15:44.763Z - GET /pkg/stripe/keys.go
2026-03-27T03:15:44.786357052-04:00 2026-03-27T07:15:44.785Z - GET /cmd/api/stripe.go
2026-03-27T03:15:44.822899598-04:00 2026-03-27T07:15:44.822Z - GET /docker/stripe.env
2026-03-27T03:15:44.845804494-04:00 2026-03-27T07:15:44.845Z - GET /k8s/stripe-secret.yaml
2026-03-27T03:15:44.869233484-04:00 2026-03-27T07:15:44.868Z - GET /k8s/payment-secret.yaml
2026-03-27T03:15:44.898782115-04:00 2026-03-27T07:15:44.898Z - GET /helm/values/stripe.yaml
2026-03-27T03:15:44.919769887-04:00 2026-03-27T07:15:44.919Z - GET /secrets/k8s/stripe.txt
2026-03-27T03:15:44.944092665-04:00 2026-03-27T07:15:44.943Z - GET /aws/secrets/stripe.json
2026-03-27T03:15:44.965528863-04:00 2026-03-27T07:15:44.965Z - GET /gcp/stripe-keys.json
2026-03-27T03:15:44.981254048-04:00 2026-03-27T07:15:44.980Z - GET /azure/payment-config.json
2026-03-27T03:15:44.997342939-04:00 2026-03-27T07:15:44.997Z - GET /terraform/stripe.tfvars
2026-03-27T03:15:45.020581529-04:00 2026-03-27T07:15:45.020Z - GET /test/stripe.config.js
2026-03-27T03:15:45.038099828-04:00 2026-03-27T07:15:45.037Z - GET /tests/fixtures/stripe.json
2026-03-27T03:15:45.057988183-04:00 2026-03-27T07:15:45.057Z - GET /test/config/payment.js
2026-03-27T03:15:45.07789068-04:00 2026-03-27T07:15:45.077Z - GET /sandbox/stripe.env
2026-03-27T03:15:45.093285515-04:00 2026-03-27T07:15:45.093Z - GET /dev/stripe-test.env
2026-03-27T03:15:45.108337314-04:00 2026-03-27T07:15:45.108Z - GET /backup/stripe.old
2026-03-27T03:15:45.128782401-04:00 2026-03-27T07:15:45.128Z - GET /old/stripe.config.js
2026-03-27T03:15:45.14545149-04:00 2026-03-27T07:15:45.145Z - GET /backup/payment.bak
2026-03-27T03:15:45.160084351-04:00 2026-03-27T07:15:45.159Z - GET /.stripe.bak
2026-03-27T03:15:45.175443814-04:00 2026-03-27T07:15:45.175Z - GET /config.stripe.old
2026-03-27T03:15:45.195282678-04:00 2026-03-27T07:15:45.195Z - GET /api/v1/stripe/config.js
2026-03-27T03:15:45.217991827-04:00 2026-03-27T07:15:45.217Z - GET /api/v2/payment/keys.js
2026-03-27T03:15:45.240214094-04:00 2026-03-27T07:15:45.240Z - GET /mobile/config/stripe.json
2026-03-27T03:15:45.258557783-04:00 2026-03-27T07:15:45.258Z - GET /app/config/api/stripe.js
2026-03-27T03:15:45.277076516-04:00 2026-03-27T07:15:45.276Z - GET /stripe.txt
2026-03-27T03:15:45.291768544-04:00 2026-03-27T07:15:45.291Z - GET /stripe_keys.txt
2026-03-27T03:15:45.307441976-04:00 2026-03-27T07:15:45.307Z - GET /payment.txt
2026-03-27T03:15:45.32324331-04:00 2026-03-27T07:15:45.322Z - GET /api_keys.txt
2026-03-27T03:15:45.341072903-04:00 2026-03-27T07:15:45.340Z - GET /keys.txt
2026-03-27T03:15:45.356661933-04:00 2026-03-27T07:15:45.356Z - GET /secrets.txt
2026-03-27T03:15:45.372306301-04:00 2026-03-27T07:15:45.372Z - GET /credentials.txt
2026-03-27T03:15:45.389356946-04:00 2026-03-27T07:15:45.389Z - GET /stripe.json.backup
2026-03-27T03:15:45.406788568-04:00 2026-03-27T07:15:45.406Z - GET /cache/stripe.json
2026-03-27T03:15:45.42330611-04:00 2026-03-27T07:15:45.423Z - GET /tmp/stripe.config
2026-03-27T03:15:45.438751377-04:00 2026-03-27T07:15:45.438Z - GET /.cache/payment.json
2026-03-27T03:15:45.456722048-04:00 2026-03-27T07:15:45.456Z - GET /var/cache/stripe.php
2026-03-27T03:15:45.472449754-04:00 2026-03-27T07:15:45.472Z - GET /pinfo.php
2026-03-27T03:15:45.491006012-04:00 2026-03-27T07:15:45.490Z - GET /time.php
2026-03-27T03:15:45.509602868-04:00 2026-03-27T07:15:45.509Z - GET /infos.php
2026-03-27T03:15:45.526262651-04:00 2026-03-27T07:15:45.526Z - GET /old_phpinfo.php
2026-03-27T03:15:45.544087978-04:00 2026-03-27T07:15:45.543Z - GET /linusadmin-phpinfo.php
2026-03-27T03:15:45.560597601-04:00 2026-03-27T07:15:45.560Z - GET /_environment
2026-03-27T03:15:45.577824113-04:00 2026-03-27T07:15:45.577Z - GET /webroot/index.php/_environment
2026-03-27T03:15:45.594894963-04:00 2026-03-27T07:15:45.594Z - GET /admin/phpinfo.php
2026-03-27T03:15:45.614812132-04:00 2026-03-27T07:15:45.614Z - GET /admin/info.php
2026-03-27T03:15:45.635004566-04:00 2026-03-27T07:15:45.634Z - GET /test/phpinfo.php
2026-03-27T03:15:45.653218747-04:00 2026-03-27T07:15:45.653Z - GET /test/info.php
2026-03-27T03:15:45.669848351-04:00 2026-03-27T07:15:45.669Z - GET /dev/phpinfo.php
2026-03-27T03:15:45.687103489-04:00 2026-03-27T07:15:45.686Z - GET /dev/info.php
2026-03-27T03:15:45.705607633-04:00 2026-03-27T07:15:45.705Z - GET /development/phpinfo.php
2026-03-27T03:15:45.721199049-04:00 2026-03-27T07:15:45.720Z - GET /development/info.php
2026-03-27T03:15:45.735712129-04:00 2026-03-27T07:15:45.735Z - GET /develop/phpinfo.php
2026-03-27T03:15:45.751768946-04:00 2026-03-27T07:15:45.751Z - GET /develop/info.php
2026-03-27T03:15:45.768037937-04:00 2026-03-27T07:15:45.767Z - GET /api/phpinfo.php
2026-03-27T03:15:45.790064563-04:00 2026-03-27T07:15:45.789Z - GET /api/info.php
2026-03-27T03:15:45.807926515-04:00 2026-03-27T07:15:45.807Z - GET /backend/phpinfo.php
2026-03-27T03:15:45.822930392-04:00 2026-03-27T07:15:45.822Z - GET /backend/info.php
2026-03-27T03:15:45.837621371-04:00 2026-03-27T07:15:45.837Z - GET /server/phpinfo.php
2026-03-27T03:15:45.855584078-04:00 2026-03-27T07:15:45.855Z - GET /server/info.php
2026-03-27T03:15:45.87391011-04:00 2026-03-27T07:15:45.873Z - GET /current/phpinfo.php
2026-03-27T03:15:45.889444506-04:00 2026-03-27T07:15:45.889Z - GET /current/info.php
2026-03-27T03:15:45.905105101-04:00 2026-03-27T07:15:45.904Z - GET /services/phpinfo.php
2026-03-27T03:15:45.921941773-04:00 2026-03-27T07:15:45.921Z - GET /services/info.php
2026-03-27T03:15:45.936138155-04:00 2026-03-27T07:15:45.935Z - GET /service/phpinfo.php
2026-03-27T03:15:45.952140076-04:00 2026-03-27T07:15:45.951Z - GET /laravel/phpinfo.php
2026-03-27T03:15:45.968139613-04:00 2026-03-27T07:15:45.967Z - GET /laravel/info.php
2026-03-27T03:15:45.992611445-04:00 2026-03-27T07:15:45.992Z - GET /lara/phpinfo.php
2026-03-27T03:15:46.008470901-04:00 2026-03-27T07:15:46.008Z - GET /lara/info.php
2026-03-27T03:15:46.024397684-04:00 2026-03-27T07:15:46.024Z - GET /dashboard/phpinfo.php
2026-03-27T03:15:46.040142088-04:00 2026-03-27T07:15:46.039Z - GET /help/phpinfo.php
2026-03-27T03:15:46.055369346-04:00 2026-03-27T07:15:46.055Z - GET /help/info.php
2026-03-27T03:15:46.07066859-04:00 2026-03-27T07:15:46.070Z - GET /helper/phpinfo.php
2026-03-27T03:15:46.085251847-04:00 2026-03-27T07:15:46.085Z - GET /helper/info.php
2026-03-27T03:15:46.099762802-04:00 2026-03-27T07:15:46.099Z - GET /xampp/phpinfo.php
2026-03-27T03:15:46.113850865-04:00 2026-03-27T07:15:46.113Z - GET /xampp/info.php
2026-03-27T03:15:46.127781192-04:00 2026-03-27T07:15:46.127Z - GET /backup/phpinfo.php
2026-03-27T03:15:46.14263117-04:00 2026-03-27T07:15:46.142Z - GET /backup/info.php
2026-03-27T03:15:46.16071539-04:00 2026-03-27T07:15:46.160Z - GET /old/phpinfo.php
2026-03-27T03:15:46.176280129-04:00 2026-03-27T07:15:46.176Z - GET /crm/phpinfo.php
2026-03-27T03:15:46.192761148-04:00 2026-03-27T07:15:46.192Z - GET /crm/info.php
2026-03-27T03:15:46.208351142-04:00 2026-03-27T07:15:46.208Z - GET /php.ini
2026-03-27T03:15:46.224070653-04:00 2026-03-27T07:15:46.223Z - GET /info
2026-03-27T03:15:46.249483833-04:00 2026-03-27T07:15:46.249Z - GET /vendor/.git/config
2026-03-27T03:15:46.265248222-04:00 2026-03-27T07:15:46.265Z - GET /lib/.git/config
2026-03-27T03:15:46.287765756-04:00 2026-03-27T07:15:46.287Z - GET /app/.git/config
2026-03-27T03:15:46.303892004-04:00 2026-03-27T07:15:46.303Z - GET /core/.git/config
2026-03-27T03:15:46.325315621-04:00 2026-03-27T07:15:46.325Z - GET /admin/.git/config
2026-03-27T03:15:46.343427563-04:00 2026-03-27T07:15:46.343Z - GET /api/.git/config
2026-03-27T03:15:46.359708503-04:00 2026-03-27T07:15:46.359Z - GET /backend/.git/config
2026-03-27T03:15:46.378517211-04:00 2026-03-27T07:15:46.378Z - GET /public/.git/config
2026-03-27T03:15:46.394326463-04:00 2026-03-27T07:15:46.394Z - GET /assets/.git/config
2026-03-27T03:15:46.410250799-04:00 2026-03-27T07:15:46.409Z - GET /uploads/.git/config
2026-03-27T03:15:46.427539639-04:00 2026-03-27T07:15:46.427Z - GET /laravel/.git/config
2026-03-27T03:15:46.444052257-04:00 2026-03-27T07:15:46.443Z - GET /wordpress/.git/config
2026-03-27T03:15:46.45944903-04:00 2026-03-27T07:15:46.459Z - GET /wp-content/.git/config
2026-03-27T03:15:46.475955229-04:00 2026-03-27T07:15:46.475Z - GET /old/.git/config
2026-03-27T03:15:46.49289508-04:00 2026-03-27T07:15:46.492Z - GET /backup/.git/config
2026-03-27T03:15:46.508523856-04:00 2026-03-27T07:15:46.508Z - GET /test/.git/config
2026-03-27T03:15:46.526729416-04:00 2026-03-27T07:15:46.526Z - GET /dev/.git/config
2026-03-27T03:15:46.54315118-04:00 2026-03-27T07:15:46.542Z - GET /staging/.git/config
2026-03-27T03:15:46.559213698-04:00 2026-03-27T07:15:46.558Z - GET /production/.git/config
2026-03-27T03:15:46.638848922-04:00 2026-03-27T07:15:46.638Z - GET /.env.stripe
2026-03-27T03:15:46.655372453-04:00 2026-03-27T07:15:46.655Z - GET /config/.env.stripe
2026-03-27T03:15:46.670817067-04:00 2026-03-27T07:15:46.670Z - GET /.env.payment
2026-03-27T03:15:46.687445316-04:00 2026-03-27T07:15:46.687Z - GET /stripe.env
2026-03-27T03:15:46.707590859-04:00 2026-03-27T07:15:46.707Z - GET /payment.env
2026-03-27T03:15:46.725061336-04:00 2026-03-27T07:15:46.724Z - GET /functions/.env
2026-03-27T03:15:46.740282291-04:00 2026-03-27T07:15:46.740Z - GET /dist/.env
2026-03-27T03:15:46.755897505-04:00 2026-03-27T07:15:46.755Z - GET /build/.env
2026-03-27T03:15:46.771663524-04:00 2026-03-27T07:15:46.771Z - GET /actuator/env
2026-03-27T03:15:46.790048485-04:00 2026-03-27T07:15:46.789Z - GET /proc/self/environ
2026-03-27T03:15:46.805351317-04:00 2026-03-27T07:15:46.805Z - GET /.vscode/.env
2026-03-27T03:15:46.820579822-04:00 2026-03-27T07:15:46.820Z - GET /market/.env.production
2026-03-27T03:15:46.836253679-04:00 2026-03-27T07:15:46.835Z - GET /cron/.env.staging
2026-03-27T03:15:46.853541905-04:00 2026-03-27T07:15:46.853Z - GET /website/.env
2026-03-27T03:15:46.869256241-04:00 2026-03-27T07:15:46.869Z - GET /production/.env.production
2026-03-27T03:15:46.888190732-04:00 2026-03-27T07:15:46.887Z - GET /live/.env
2026-03-27T03:15:46.903693038-04:00 2026-03-27T07:15:46.903Z - GET /kyc/.env.local
2026-03-27T03:15:46.92040241-04:00 2026-03-27T07:15:46.920Z - GET /server/.env.production
2026-03-27T03:15:46.936851289-04:00 2026-03-27T07:15:46.936Z - GET /staging/.env
2026-03-27T03:15:46.952536434-04:00 2026-03-27T07:15:46.952Z - GET /mailer/.env
2026-03-27T03:15:46.967667327-04:00 2026-03-27T07:15:46.967Z - GET /admin/.env.staging
2026-03-27T03:15:46.984379814-04:00 2026-03-27T07:15:46.984Z - GET /app/.env.production
2026-03-27T03:15:47.005644771-04:00 2026-03-27T07:15:47.005Z - GET /stg/.env.staging
2026-03-27T03:15:47.023463738-04:00 2026-03-27T07:15:47.023Z - GET /shop/.env.local
2026-03-27T03:15:47.044077843-04:00 2026-03-27T07:15:47.042Z - GET /public/.env.staging
2026-03-27T03:15:47.0629468-04:00 2026-03-27T07:15:47.062Z - GET /nodeweb/.env
2026-03-27T03:15:47.079160528-04:00 2026-03-27T07:15:47.078Z - GET /prod/.env.staging
2026-03-27T03:15:47.096557039-04:00 2026-03-27T07:15:47.096Z - GET /.env.sample.php
2026-03-27T03:15:47.114282016-04:00 2026-03-27T07:15:47.114Z - GET /backend/.env.staging
2026-03-27T03:15:47.134321712-04:00 2026-03-27T07:15:47.134Z - GET /shop/.env.production
2026-03-27T03:15:47.152205298-04:00 2026-03-27T07:15:47.152Z - GET /BACK/.env
2026-03-27T03:15:47.168611746-04:00 2026-03-27T07:15:47.168Z - GET /demo/.env.production
2026-03-27T03:15:47.185637039-04:00 2026-03-27T07:15:47.185Z - GET /.env.test.local
2026-03-27T03:15:47.202367487-04:00 2026-03-27T07:15:47.202Z - GET /app/.env.local
2026-03-27T03:15:47.217620561-04:00 2026-03-27T07:15:47.217Z - GET /market/.env
2026-03-27T03:15:47.233123098-04:00 2026-03-27T07:15:47.232Z - GET /crm/.env
2026-03-27T03:15:47.248834412-04:00 2026-03-27T07:15:47.248Z - GET /cron/.env.local
2026-03-27T03:15:47.264267535-04:00 2026-03-27T07:15:47.264Z - GET /live/.env.staging
2026-03-27T03:15:47.281926272-04:00 2026-03-27T07:15:47.281Z - GET /current/.env.local
2026-03-27T03:15:47.298378956-04:00 2026-03-27T07:15:47.298Z - GET /.envs
2026-03-27T03:15:47.313660234-04:00 2026-03-27T07:15:47.313Z - GET /portal/.env.local
2026-03-27T03:15:47.331246233-04:00 2026-03-27T07:15:47.330Z - GET /APP/.env
2026-03-27T03:15:47.346454103-04:00 2026-03-27T07:15:47.346Z - GET /backup/.env.staging
2026-03-27T03:15:47.363380201-04:00 2026-03-27T07:15:47.363Z - GET /beta/.env.local
2026-03-27T03:15:47.378398919-04:00 2026-03-27T07:15:47.378Z - GET /development/.env.production
2026-03-27T03:15:47.394963023-04:00 2026-03-27T07:15:47.394Z - GET /test/.env.staging
2026-03-27T03:15:47.413339951-04:00 2026-03-27T07:15:47.413Z - GET /service/.env.local
2026-03-27T03:15:47.430012722-04:00 2026-03-27T07:15:47.429Z - GET /laravel/.env.production
2026-03-27T03:15:47.447550332-04:00 2026-03-27T07:15:47.447Z - GET /test/.env.local
2026-03-27T03:15:47.465146165-04:00 2026-03-27T07:15:47.464Z - GET /develop/.env
2026-03-27T03:15:47.480032911-04:00 2026-03-27T07:15:47.479Z - GET /laravel/core/.env.production
2026-03-27T03:15:47.496120395-04:00 2026-03-27T07:15:47.495Z - GET /laravel/core/.env
2026-03-27T03:15:47.512594141-04:00 2026-03-27T07:15:47.512Z - GET /current/.env.production
2026-03-27T03:15:47.528467044-04:00 2026-03-27T07:15:47.528Z - GET /qa/.env.production
2026-03-27T03:15:47.54415166-04:00 2026-03-27T07:15:47.543Z - GET /api/.env.local
2026-03-27T03:15:47.56077892-04:00 2026-03-27T07:15:47.560Z - GET /web/.env.staging
2026-03-27T03:15:47.57622096-04:00 2026-03-27T07:15:47.575Z - GET /server/.env.staging
2026-03-27T03:15:47.593097839-04:00 2026-03-27T07:15:47.592Z - GET /qa/.env.local
2026-03-27T03:15:47.613142101-04:00 2026-03-27T07:15:47.612Z - GET /market/.env.local
2026-03-27T03:15:47.631140804-04:00 2026-03-27T07:15:47.630Z - GET /.docker/.env
2026-03-27T03:15:47.647557728-04:00 2026-03-27T07:15:47.647Z - GET /new/.env.local
2026-03-27T03:15:47.662425613-04:00 2026-03-27T07:15:47.662Z - GET /marketing/.env
2026-03-27T03:15:47.677088205-04:00 2026-03-27T07:15:47.676Z - GET /project/.env.production
2026-03-27T03:15:47.693242122-04:00 2026-03-27T07:15:47.692Z - GET /.envrc
2026-03-27T03:15:47.707795112-04:00 2026-03-27T07:15:47.707Z - GET /crm/.env.production
2026-03-27T03:15:47.725522502-04:00 2026-03-27T07:15:47.725Z - GET /beta/.env.production
2026-03-27T03:15:47.743145631-04:00 2026-03-27T07:15:47.742Z - GET /crm/.env.local
2026-03-27T03:15:47.759247784-04:00 2026-03-27T07:15:47.758Z - GET /.environment
2026-03-27T03:15:47.777078824-04:00 2026-03-27T07:15:47.776Z - GET /website/.env.staging
2026-03-27T03:15:47.79141692-04:00 2026-03-27T07:15:47.791Z - GET /web/.env.local
2026-03-27T03:15:47.807590781-04:00 2026-03-27T07:15:47.807Z - GET /api/.env.production
2026-03-27T03:15:47.823746245-04:00 2026-03-27T07:15:47.823Z - GET /current/.env.staging
2026-03-27T03:15:47.840058377-04:00 2026-03-27T07:15:47.839Z - GET /old/.env
2026-03-27T03:15:47.85600607-04:00 2026-03-27T07:15:47.855Z - GET /FRONT/.env
2026-03-27T03:15:47.881268462-04:00 2026-03-27T07:15:47.880Z - GET /backup/.env.local
2026-03-27T03:15:47.895918403-04:00 2026-03-27T07:15:47.895Z - GET /node/.env
2026-03-27T03:15:47.913832534-04:00 2026-03-27T07:15:47.913Z - GET /.env.production.local
2026-03-27T03:15:47.929615057-04:00 2026-03-27T07:15:47.929Z - GET /kyc/.env
2026-03-27T03:15:47.945926404-04:00 2026-03-27T07:15:47.945Z - GET /dev/.env
2026-03-27T03:15:47.962906235-04:00 2026-03-27T07:15:47.962Z - GET /marketing/.env.staging
2026-03-27T03:15:47.979176882-04:00 2026-03-27T07:15:47.978Z - GET /laravel/.env.staging
2026-03-27T03:15:47.995312424-04:00 2026-03-27T07:15:47.995Z - GET /production/.env.staging
2026-03-27T03:15:48.013878193-04:00 2026-03-27T07:15:48.013Z - GET /demo/.env.local
2026-03-27T03:15:48.029878914-04:00 2026-03-27T07:15:48.029Z - GET /old/.env.staging
2026-03-27T03:15:48.046103589-04:00 2026-03-27T07:15:48.045Z - GET /website/.env.production
2026-03-27T03:15:48.062122868-04:00 2026-03-27T07:15:48.061Z - GET /develop/.env.production
2026-03-27T03:15:48.079293333-04:00 2026-03-27T07:15:48.078Z - GET /API/.env
2026-03-27T03:15:48.095219499-04:00 2026-03-27T07:15:48.094Z - GET /storage/.env.production
2026-03-27T03:15:48.110265039-04:00 2026-03-27T07:15:48.110Z - GET /public_html/.env.production
2026-03-27T03:15:48.125875121-04:00 2026-03-27T07:15:48.125Z - GET /develop/.env.local
2026-03-27T03:15:48.141446813-04:00 2026-03-27T07:15:48.141Z - GET /services/.env.production
2026-03-27T03:15:48.157590395-04:00 2026-03-27T07:15:48.157Z - GET /services/.env.local
2026-03-27T03:15:48.17632443-04:00 2026-03-27T07:15:48.176Z - GET /back/.env
2026-03-27T03:15:48.192298783-04:00 2026-03-27T07:15:48.192Z - GET /qa/.env
2026-03-27T03:15:48.208234669-04:00 2026-03-27T07:15:48.207Z - GET /dev/.env.staging
2026-03-27T03:15:48.226177416-04:00 2026-03-27T07:15:48.225Z - GET /demo/.env.staging
2026-03-27T03:15:48.239945724-04:00 2026-03-27T07:15:48.239Z - GET /website/.env.local
2026-03-27T03:15:48.255332487-04:00 2026-03-27T07:15:48.254Z - GET /stg/.env.production
2026-03-27T03:15:48.272131537-04:00 2026-03-27T07:15:48.271Z - GET /web/.env.production
2026-03-27T03:15:48.287981545-04:00 2026-03-27T07:15:48.287Z - GET /.env.docker.dev
2026-03-27T03:15:48.303198108-04:00 2026-03-27T07:15:48.302Z - GET /storage/.env.staging
2026-03-27T03:15:48.317925709-04:00 2026-03-27T07:15:48.317Z - GET /product/.env.production
2026-03-27T03:15:48.333817578-04:00 2026-03-27T07:15:48.333Z - GET /shop/.env
2026-03-27T03:15:48.351843125-04:00 2026-03-27T07:15:48.351Z - GET /user/.env.local
2026-03-27T03:15:48.368194212-04:00 2026-03-27T07:15:48.368Z - GET /old/.env.production
2026-03-27T03:15:48.383762694-04:00 2026-03-27T07:15:48.383Z - GET /marketing/.env.production
2026-03-27T03:15:48.40021626-04:00 2026-03-27T07:15:48.400Z - GET /settings.py
2026-03-27T03:15:48.417384355-04:00 2026-03-27T07:15:48.417Z - GET /production/.env.local
2026-03-27T03:15:48.433763561-04:00 2026-03-27T07:15:48.433Z - GET /apis/.env.production
2026-03-27T03:15:48.449733575-04:00 2026-03-27T07:15:48.449Z - GET /staging/.env.local
2026-03-27T03:15:48.466760041-04:00 2026-03-27T07:15:48.466Z - GET /dev/.env.local
2026-03-27T03:15:48.481892797-04:00 2026-03-27T07:15:48.481Z - GET /laravel/core/.env.local
2026-03-27T03:15:48.497361484-04:00 2026-03-27T07:15:48.497Z - GET /user/.env.staging
2026-03-27T03:15:48.513325692-04:00 2026-03-27T07:15:48.513Z - GET /application/.env
2026-03-27T03:15:48.528782521-04:00 2026-03-27T07:15:48.528Z - GET /new/.env.production
2026-03-27T03:15:48.545842127-04:00 2026-03-27T07:15:48.545Z - GET /project/.env.staging
2026-03-27T03:15:48.561613934-04:00 2026-03-27T07:15:48.561Z - GET /xampp/.env.local
2026-03-27T03:15:48.578667309-04:00 2026-03-27T07:15:48.578Z - GET /product/.env
2026-03-27T03:15:48.597532015-04:00 2026-03-27T07:15:48.597Z - GET /FRONTEND/.env
2026-03-27T03:15:48.613949296-04:00 2026-03-27T07:15:48.613Z - GET /sendgrid.env
2026-03-27T03:15:48.630380439-04:00 2026-03-27T07:15:48.630Z - GET /prod/.env.production
2026-03-27T03:15:48.649803763-04:00 2026-03-27T07:15:48.649Z - GET /.env.php
2026-03-27T03:15:48.666403342-04:00 2026-03-27T07:15:48.666Z - GET /develop/.env.staging
2026-03-27T03:15:48.682225316-04:00 2026-03-27T07:15:48.682Z - GET /.env.stage
2026-03-27T03:15:48.698950244-04:00 2026-03-27T07:15:48.698Z - GET /beta/.env
2026-03-27T03:15:48.713966542-04:00 2026-03-27T07:15:48.713Z - GET /backup/.env
2026-03-27T03:15:48.729100277-04:00 2026-03-27T07:15:48.728Z - GET /project/.env.local
2026-03-27T03:15:48.745497989-04:00 2026-03-27T07:15:48.745Z - GET /shop/.env.staging
2026-03-27T03:15:48.764275006-04:00 2026-03-27T07:15:48.764Z - GET /.env.dev
2026-03-27T03:15:48.780880001-04:00 2026-03-27T07:15:48.780Z - GET /staging/.env.staging
2026-03-27T03:15:48.797814053-04:00 2026-03-27T07:15:48.797Z - GET /storage/.env.local
2026-03-27T03:15:48.813544166-04:00 2026-03-27T07:15:48.813Z - GET /stg/.env.local
2026-03-27T03:15:48.830030354-04:00 2026-03-27T07:15:48.829Z - GET /.env.prod
2026-03-27T03:15:48.84854511-04:00 2026-03-27T07:15:48.848Z - GET /development/.env
2026-03-27T03:15:48.865992065-04:00 2026-03-27T07:15:48.865Z - GET /.docker/laravel/app/.env
2026-03-27T03:15:48.882494552-04:00 2026-03-27T07:15:48.882Z - GET /test/.env.production
2026-03-27T03:15:48.899713517-04:00 2026-03-27T07:15:48.899Z - GET /qa/.env.staging
2026-03-27T03:15:48.915368175-04:00 2026-03-27T07:15:48.915Z - GET /properties.ini
2026-03-27T03:15:48.931100516-04:00 2026-03-27T07:15:48.930Z - GET /public_html/.env.staging
2026-03-27T03:15:48.947429736-04:00 2026-03-27T07:15:48.947Z - GET /portal/.env.staging
2026-03-27T03:15:48.963451024-04:00 2026-03-27T07:15:48.963Z - GET /prod/.env.local
2026-03-27T03:15:48.978943396-04:00 2026-03-27T07:15:48.978Z - GET /stg/.env
2026-03-27T03:15:48.996615472-04:00 2026-03-27T07:15:48.996Z - GET /server/.env.local
2026-03-27T03:15:49.011924164-04:00 2026-03-27T07:15:49.011Z - GET /new/.env.staging
2026-03-27T03:15:49.028807475-04:00 2026-03-27T07:15:49.028Z - GET /crm/.env.staging
2026-03-27T03:15:49.044827209-04:00 2026-03-27T07:15:49.044Z - GET /.env.dist
2026-03-27T03:15:49.061664996-04:00 2026-03-27T07:15:49.061Z - GET /admin/.env.production
2026-03-27T03:15:49.077686594-04:00 2026-03-27T07:15:49.077Z - GET /client/.env.local
2026-03-27T03:15:49.093240555-04:00 2026-03-27T07:15:49.092Z - GET /apis/.env.staging
2026-03-27T03:15:49.112163237-04:00 2026-03-27T07:15:49.111Z - GET /public_html/.env
2026-03-27T03:15:49.128397896-04:00 2026-03-27T07:15:49.128Z - GET /production/.env
2026-03-27T03:15:49.143208874-04:00 2026-03-27T07:15:49.142Z - GET /user/.env
2026-03-27T03:15:49.158677561-04:00 2026-03-27T07:15:49.158Z - GET /.env~
2026-03-27T03:15:49.174013069-04:00 2026-03-27T07:15:49.173Z - GET /live/.env.local
2026-03-27T03:15:49.190638508-04:00 2026-03-27T07:15:49.190Z - GET /apis/.env
2026-03-27T03:15:49.20582885-04:00 2026-03-27T07:15:49.205Z - GET /config.env
2026-03-27T03:15:49.220856987-04:00 2026-03-27T07:15:49.220Z - GET /env.backup
2026-03-27T03:15:49.237931562-04:00 2026-03-27T07:15:49.237Z - GET /usr/.env
2026-03-27T03:15:49.256739507-04:00 2026-03-27T07:15:49.256Z - GET /public/.env.production
2026-03-27T03:15:49.273331467-04:00 2026-03-27T07:15:49.273Z - GET /backend/.env.local
2026-03-27T03:15:49.291682603-04:00 2026-03-27T07:15:49.291Z - GET /product/.env.staging
2026-03-27T03:15:49.30764939-04:00 2026-03-27T07:15:49.307Z - GET /apis/.env.local
2026-03-27T03:15:49.323388105-04:00 2026-03-27T07:15:49.323Z - GET /public/.env.local
2026-03-27T03:15:49.338985592-04:00 2026-03-27T07:15:49.338Z - GET /nodeapi/.env
2026-03-27T03:15:49.358371603-04:00 2026-03-27T07:15:49.358Z - GET /app/.env.staging
2026-03-27T03:15:49.374834438-04:00 2026-03-27T07:15:49.374Z - GET /portal/.env.production
2026-03-27T03:15:49.390915842-04:00 2026-03-27T07:15:49.390Z - GET /development/.env.local
2026-03-27T03:15:49.407192895-04:00 2026-03-27T07:15:49.406Z - GET /public_html/.env.local
2026-03-27T03:15:49.426434009-04:00 2026-03-27T07:15:49.426Z - GET /old/.env.local
2026-03-27T03:15:49.441753992-04:00 2026-03-27T07:15:49.441Z - GET /front/.env
2026-03-27T03:15:49.460980814-04:00 2026-03-27T07:15:49.460Z - GET /test/.env
2026-03-27T03:15:49.477601247-04:00 2026-03-27T07:15:49.477Z - GET /cron/.env.production
2026-03-27T03:15:49.493751272-04:00 2026-03-27T07:15:49.493Z - GET /.env.development.local
2026-03-27T03:15:49.510725198-04:00 2026-03-27T07:15:49.510Z - GET /demo/.env
2026-03-27T03:15:49.525787436-04:00 2026-03-27T07:15:49.525Z - GET /services/.env
2026-03-27T03:15:49.54126559-04:00 2026-03-27T07:15:49.541Z - GET /BACKEND/.env
2026-03-27T03:15:49.55853916-04:00 2026-03-27T07:15:49.558Z - GET /product/.env.local
2026-03-27T03:15:49.573823646-04:00 2026-03-27T07:15:49.573Z - GET /beta/.env.staging
2026-03-27T03:15:49.589836714-04:00 2026-03-27T07:15:49.589Z - GET /market/.env.staging
2026-03-27T03:15:49.606765703-04:00 2026-03-27T07:15:49.606Z - GET /media/.env
2026-03-27T03:15:49.622952134-04:00 2026-03-27T07:15:49.622Z - GET /laravel/core/.env.staging
2026-03-27T03:15:49.638555866-04:00 2026-03-27T07:15:49.638Z - GET /api/.env.staging
2026-03-27T03:15:49.653336743-04:00 2026-03-27T07:15:49.653Z - GET /service/.env.production
2026-03-27T03:15:49.669009461-04:00 2026-03-27T07:15:49.668Z - GET /portal/.env
2026-03-27T03:15:49.68467478-04:00 2026-03-27T07:15:49.684Z - GET /admin/.env.local
2026-03-27T03:15:49.701074785-04:00 2026-03-27T07:15:49.700Z - GET /xampp/.env.staging
2026-03-27T03:15:49.717669953-04:00 2026-03-27T07:15:49.717Z - GET /lms/.env
2026-03-27T03:15:49.733775135-04:00 2026-03-27T07:15:49.733Z - GET /backend/.env.production
2026-03-27T03:15:49.749495005-04:00 2026-03-27T07:15:49.749Z - GET /kyc/.env.staging
2026-03-27T03:15:49.765642593-04:00 2026-03-27T07:15:49.765Z - GET /marketing/.env.local
2026-03-27T03:15:49.781873113-04:00 2026-03-27T07:15:49.781Z - GET /development/.env.staging
2026-03-27T03:15:49.799231229-04:00 2026-03-27T07:15:49.798Z - GET /new/.env
2026-03-27T03:15:49.815858448-04:00 2026-03-27T07:15:49.815Z - GET /xampp/.env
2026-03-27T03:15:49.833552669-04:00 2026-03-27T07:15:49.833Z - GET /kyc/.env.production
2026-03-27T03:15:49.849870519-04:00 2026-03-27T07:15:49.849Z - GET /services/.env.staging
2026-03-27T03:15:49.86529441-04:00 2026-03-27T07:15:49.865Z - GET /client/.env.staging
2026-03-27T03:15:49.881779377-04:00 2026-03-27T07:15:49.881Z - GET /xampp/.env.production
2026-03-27T03:15:49.898001431-04:00 2026-03-27T07:15:49.897Z - GET /staging/.env.production
2026-03-27T03:15:49.915338487-04:00 2026-03-27T07:15:49.915Z - GET /live/.env.production
2026-03-27T03:15:49.930597225-04:00 2026-03-27T07:15:49.930Z - GET /service/.env
2026-03-27T03:15:49.94575554-04:00 2026-03-27T07:15:49.945Z - GET /.gitlab-ci/.env
2026-03-27T03:15:49.960817577-04:00 2026-03-27T07:15:49.960Z - GET /project/.env
2026-03-27T03:15:49.977255076-04:00 2026-03-27T07:15:49.976Z - GET /dev/.env.production
2026-03-27T03:15:49.993373336-04:00 2026-03-27T07:15:49.993Z - GET /laravel/.env.local
2026-03-27T03:15:50.008612143-04:00 2026-03-27T07:15:50.008Z - GET /prod/.env
2026-03-27T03:15:50.022977376-04:00 2026-03-27T07:15:50.022Z - GET /client/.env.production
2026-03-27T03:15:50.037772018-04:00 2026-03-27T07:15:50.037Z - GET /current/.env
2026-03-27T03:15:50.05396438-04:00 2026-03-27T07:15:50.053Z - GET /service/.env.staging
2026-03-27T03:15:50.072131524-04:00 2026-03-27T07:15:50.071Z - GET /backup/.env.production
2026-03-27T03:15:50.087303949-04:00 2026-03-27T07:15:50.086Z - GET /
2026-03-27T03:15:50.104915578-04:00 2026-03-27T07:15:50.104Z - GET /js/script.js
2026-03-27T03:46:47.4364145-04:00 2026-03-27T07:46:47.436Z - GET /
2026-03-27T03:46:47.683586765-04:00 2026-03-27T07:46:47.683Z - GET /js/script.js
2026-03-27T03:46:47.685316661-04:00 2026-03-27T07:46:47.685Z - GET /css/style.css?v=1.5
2026-03-27T03:46:47.688956984-04:00 2026-03-27T07:46:47.688Z - GET /img/YggdraTech.jpeg
2026-03-27T03:46:48.280723678-04:00 2026-03-27T07:46:48.280Z - GET /img/banner.jpg
2026-03-27T03:46:50.500306567-04:00 2026-03-27T07:46:50.500Z - GET /
2026-03-27T03:46:50.759462807-04:00 2026-03-27T07:46:50.759Z - GET /css/style.css?v=1.5
2026-03-27T03:46:50.761625981-04:00 2026-03-27T07:46:50.761Z - GET /img/YggdraTech.jpeg
2026-03-27T03:46:50.768665677-04:00 2026-03-27T07:46:50.768Z - GET /js/script.js
2026-03-27T03:46:51.314567308-04:00 2026-03-27T07:46:51.314Z - GET /img/banner.jpg
2026-03-27T04:09:39.436949699-04:00 2026-03-27T08:09:39.436Z - GET /
2026-03-27T04:09:51.192584156-04:00 2026-03-27T08:09:51.192Z - GET //static.cloudflareinsights.com/beacon.min.js
2026-03-27T04:09:51.272771804-04:00 2026-03-27T08:09:51.272Z - GET /js/script.js
2026-03-27T04:30:38.863446081-04:00 2026-03-27T08:30:38.863Z - GET /
2026-03-27T04:30:39.065861004-04:00 2026-03-27T08:30:39.065Z - GET /favicon.ico
2026-03-27T04:35:59.207594326-04:00 2026-03-27T08:35:59.207Z - HEAD /
2026-03-27T04:36:00.633561977-04:00 2026-03-27T08:36:00.633Z - GET /
2026-03-27T04:36:00.926158203-04:00 2026-03-27T08:36:00.925Z - GET /css/style.css?v=1.5
2026-03-27T04:36:00.968662005-04:00 2026-03-27T08:36:00.968Z - GET /img/YggdraTech.jpeg
2026-03-27T04:36:00.971294455-04:00 2026-03-27T08:36:00.971Z - GET /js/script.js
2026-03-27T04:36:01.311759537-04:00 2026-03-27T08:36:01.311Z - GET /img/banner.jpg
2026-03-27T04:36:02.03963429-04:00 2026-03-27T08:36:02.039Z - GET /favicon.ico
2026-03-27T04:36:05.973538867-04:00 2026-03-27T08:36:05.973Z - GET /favicon.ico
2026-03-27T04:36:06.983473636-04:00 2026-03-27T08:36:06.983Z - GET /ads.txt
2026-03-27T04:36:07.165450708-04:00 2026-03-27T08:36:07.165Z - GET /app-ads.txt
2026-03-27T04:36:07.35514304-04:00 2026-03-27T08:36:07.354Z - GET /sellers.json
2026-03-27T04:45:28.700897626-04:00 2026-03-27T08:45:28.700Z - GET /
2026-03-27T04:45:29.620427014-04:00 2026-03-27T08:45:29.620Z - GET /favicon.ico
2026-03-27T04:50:12.953480709-04:00 2026-03-27T08:50:12.953Z - GET /robots.txt
2026-03-27T06:12:07.328510388-04:00 2026-03-27T10:12:07.328Z - GET /robots.txt
2026-03-27T06:16:48.345017938-04:00 2026-03-27T10:16:48.344Z - GET /
2026-03-27T06:32:40.86261747-04:00 2026-03-27T10:32:40.862Z - GET /search
2026-03-27T07:07:24.614829149-04:00 2026-03-27T11:07:24.614Z - GET /
2026-03-27T07:07:26.953229788-04:00 2026-03-27T11:07:26.952Z - GET /img/YggdraTech.jpeg
2026-03-27T07:07:26.962569551-04:00 2026-03-27T11:07:26.962Z - GET /css/style.css?v=1.5
2026-03-27T07:07:26.964692045-04:00 2026-03-27T11:07:26.964Z - GET /js/script.js
2026-03-27T07:07:27.870472686-04:00 2026-03-27T11:07:27.870Z - GET /img/banner.jpg
2026-03-27T07:07:30.105899264-04:00 2026-03-27T11:07:30.105Z - GET /apple-touch-icon.png
2026-03-27T07:07:30.107698488-04:00 2026-03-27T11:07:30.107Z - GET /apple-touch-icon-precomposed.png
2026-03-27T07:07:30.123463808-04:00 2026-03-27T11:07:30.123Z - GET /favicon.ico
2026-03-27T07:45:41.406720144-04:00 2026-03-27T11:45:41.406Z - GET /
2026-03-27T07:59:53.497011735-04:00 2026-03-27T11:59:53.496Z - GET /robots.txt
2026-03-27T09:09:47.483146304-04:00 2026-03-27T13:09:47.482Z - GET /robots.txt
2026-03-27T10:14:41.497406441-04:00 2026-03-27T14:14:41.497Z - GET /
2026-03-27T10:14:45.650389318-04:00 2026-03-27T14:14:45.650Z - GET /ads.txt
2026-03-27T10:24:45.367377166-04:00 2026-03-27T14:24:45.367Z - GET /robots.txt
2026-03-27T10:35:02.318240433-04:00 2026-03-27T14:35:02.317Z - GET /
2026-03-27T11:27:42.16357536-04:00 2026-03-27T15:27:42.163Z - GET /robots.txt
2026-03-27T12:27:31.046279155-04:00 2026-03-27T16:27:31.046Z - GET /
2026-03-27T12:39:33.78179255-04:00 2026-03-27T16:39:33.781Z - GET /robots.txt
2026-03-27T12:46:41.760923066-04:00 2026-03-27T16:46:41.760Z - GET /
2026-03-27T12:46:43.153220992-04:00 2026-03-27T16:46:43.152Z - GET /css/style.css?v=1.5
2026-03-27T12:46:44.601805834-04:00 2026-03-27T16:46:44.601Z - GET /static/style/sys_files/index.js
2026-03-27T12:46:44.791003597-04:00 2026-03-27T16:46:44.790Z - GET /css/support_parent.css
2026-03-27T12:46:44.986988656-04:00 2026-03-27T16:46:44.986Z - GET /assets/js/qr_modal.js
2026-03-27T12:46:45.180775827-04:00 2026-03-27T16:46:45.180Z - GET /img/YggdraTech.jpeg
2026-03-27T12:46:45.375206453-04:00 2026-03-27T16:46:45.374Z - GET /js/twint_ch.js
2026-03-27T12:46:45.577209454-04:00 2026-03-27T16:46:45.576Z - GET /js/script.js
2026-03-27T12:46:45.766872529-04:00 2026-03-27T16:46:45.766Z - GET /assets/js/auth.js
2026-03-27T12:46:45.960332087-04:00 2026-03-27T16:46:45.960Z - GET /js/lkk_ch.js
2026-03-27T12:46:46.149359498-04:00 2026-03-27T16:46:46.149Z - GET /robots.txt
2026-03-27T12:46:46.340206593-04:00 2026-03-27T16:46:46.339Z - GET /bot-connect.js
2026-03-27T12:46:46.548138183-04:00 2026-03-27T16:46:46.547Z - GET /static/style/protect/index.js
2026-03-27T12:46:48.445970228-04:00 2026-03-27T16:46:48.445Z - GET /assets/js/message.js
2026-03-27T13:40:08.972848004-04:00 2026-03-27T17:40:08.972Z - GET /
2026-03-27T13:40:09.166452376-04:00 2026-03-27T17:40:09.166Z - GET /js/script.js
2026-03-27T13:40:09.35580489-04:00 2026-03-27T17:40:09.355Z - GET /assets/js/message.js
2026-03-27T13:40:09.545862108-04:00 2026-03-27T17:40:09.545Z - GET /robots.txt
2026-03-27T13:40:09.734892385-04:00 2026-03-27T17:40:09.734Z - GET /static/style/sys_files/index.js
2026-03-27T13:40:09.932741931-04:00 2026-03-27T17:40:09.932Z - GET /css/support_parent.css
2026-03-27T13:40:10.125084623-04:00 2026-03-27T17:40:10.124Z - GET /css/style.css?v=1.5
2026-03-27T13:40:12.105200082-04:00 2026-03-27T17:40:12.105Z - GET /assets/js/qr_modal.js
2026-03-27T13:40:12.299846786-04:00 2026-03-27T17:40:12.299Z - GET /js/lkk_ch.js
2026-03-27T13:40:12.490432921-04:00 2026-03-27T17:40:12.490Z - GET /bot-connect.js
2026-03-27T13:40:12.681104724-04:00 2026-03-27T17:40:12.680Z - GET /img/YggdraTech.jpeg
2026-03-27T13:40:14.173289825-04:00 2026-03-27T17:40:14.172Z - GET /static/style/protect/index.js
2026-03-27T13:40:19.388064713-04:00 2026-03-27T17:40:19.387Z - GET /js/twint_ch.js
2026-03-27T13:47:33.267620657-04:00 2026-03-27T17:47:33.267Z - GET /robots.txt
2026-03-27T14:34:49.344585678-04:00 2026-03-27T18:34:49.344Z - GET /
2026-03-27T14:34:49.445967739-04:00 2026-03-27T18:34:49.445Z - GET /.env
2026-03-27T14:34:49.64573687-04:00 2026-03-27T18:34:49.645Z - GET /js/script.js
2026-03-27T14:34:49.704354299-04:00 2026-03-27T18:34:49.704Z - GET /
2026-03-27T14:34:49.70927188-04:00 2026-03-27T18:34:49.709Z - GET /%22/js/script.js%22
2026-03-27T14:34:49.71183215-04:00 2026-03-27T18:34:49.711Z - GET /.env.bak
2026-03-27T14:34:49.713986904-04:00 2026-03-27T18:34:49.713Z - GET /%22/cdn-cgi/scripts/5c5dd728/cloudflare-static/email-decode.min.js%22
2026-03-27T14:34:49.813251471-04:00 2026-03-27T18:34:49.813Z - GET /.env.save
2026-03-27T14:34:49.913970826-04:00 2026-03-27T18:34:49.913Z - GET /.env.backup
2026-03-27T14:34:50.015577922-04:00 2026-03-27T18:34:50.015Z - GET /backend/.env
2026-03-27T14:34:50.114307382-04:00 2026-03-27T18:34:50.113Z - GET /admin/.env
2026-03-27T14:34:50.221864587-04:00 2026-03-27T18:34:50.221Z - GET /.git/config
2026-03-27T14:34:50.423123854-04:00 2026-03-27T18:34:50.422Z - GET /config.js
2026-03-27T14:34:50.617975094-04:00 2026-03-27T18:34:50.617Z - GET /aws-config.js
2026-03-27T14:34:50.810931899-04:00 2026-03-27T18:34:50.810Z - GET /aws.config.js
2026-03-27T14:34:50.907099525-04:00 2026-03-27T18:34:50.906Z - GET /_debugbar/
2026-03-27T14:34:51.014934405-04:00 2026-03-27T18:34:51.014Z - GET /debugbar/
2026-03-27T14:34:51.128918248-04:00 2026-03-27T18:34:51.128Z - GET /debug/
2026-03-27T14:34:51.236150099-04:00 2026-03-27T18:34:51.235Z - GET /phpinfo.php
2026-03-27T14:34:51.337185792-04:00 2026-03-27T18:34:51.336Z - GET /info.php
2026-03-27T14:34:51.443971917-04:00 2026-03-27T18:34:51.443Z - GET /test.php
2026-03-27T14:34:51.544699315-04:00 2026-03-27T18:34:51.544Z - GET /.aws/credentials
2026-03-27T14:34:51.652056472-04:00 2026-03-27T18:34:51.651Z - GET /.aws/config
2026-03-27T14:34:51.751580689-04:00 2026-03-27T18:34:51.751Z - GET /aws-credentials
2026-03-27T14:34:51.857367484-04:00 2026-03-27T18:34:51.856Z - GET /aws.json
2026-03-27T14:34:51.957674829-04:00 2026-03-27T18:34:51.957Z - GET /.s3cfg
2026-03-27T15:01:41.999555083-04:00 2026-03-27T19:01:41.999Z - GET /robots.txt
2026-03-27T16:05:06.826879701-04:00 2026-03-27T20:05:06.826Z - GET /robots.txt
2026-03-27T17:19:52.616132219-04:00 2026-03-27T21:19:52.615Z - GET /robots.txt
2026-03-27T17:40:09.958900016-04:00 2026-03-27T21:40:09.958Z - GET /
2026-03-27T17:40:20.994915637-04:00 2026-03-27T21:40:20.994Z - GET //static.cloudflareinsights.com/beacon.min.js
2026-03-27T17:40:24.99664289-04:00 2026-03-27T21:40:24.996Z - GET /js/script.js
2026-03-27T17:40:43.800558496-04:00 2026-03-27T21:40:43.800Z - GET //static.cloudflareinsights.com/beacon.min.js
2026-03-27T17:40:43.87211579-04:00 2026-03-27T21:40:43.871Z - GET /js/script.js
2026-03-27T17:41:01.461200763-04:00 2026-03-27T21:41:01.460Z - GET //static.cloudflareinsights.com/beacon.min.js
2026-03-27T17:41:01.538207387-04:00 2026-03-27T21:41:01.537Z - GET /js/script.js
2026-03-27T18:14:35.110336814-04:00 2026-03-27T22:14:35.110Z - GET /
2026-03-27T18:24:43.407234032-04:00 2026-03-27T22:24:43.406Z - GET /robots.txt
2026-03-27T19:46:46.706897415-04:00 2026-03-27T23:46:46.706Z - GET /robots.txt
2026-03-27T21:15:54.015281391-04:00 2026-03-28T01:15:54.014Z - GET /robots.txt
2026-03-27T22:29:59.659906018-04:00 2026-03-28T02:29:59.659Z - GET /robots.txt
2026-03-27T23:11:13.200587592-04:00 2026-03-28T03:11:13.200Z - GET /
2026-03-27T23:11:13.355832901-04:00 2026-03-28T03:11:13.355Z - GET /css/style.css?v=1.5
2026-03-27T23:11:13.369198509-04:00 2026-03-28T03:11:13.368Z - GET /img/YggdraTech.jpeg
2026-03-27T23:11:13.377755536-04:00 2026-03-28T03:11:13.377Z - GET /js/script.js
2026-03-27T23:11:13.474602849-04:00 2026-03-28T03:11:13.474Z - GET /img/banner.jpg
2026-03-27T23:11:30.311791451-04:00 2026-03-28T03:11:30.311Z - GET /
2026-03-27T23:11:30.453432662-04:00 2026-03-28T03:11:30.453Z - GET /css/style.css?v=1.5
2026-03-27T23:11:30.476188713-04:00 2026-03-28T03:11:30.475Z - GET /js/script.js
2026-03-27T23:11:30.48782074-04:00 2026-03-28T03:11:30.487Z - GET /img/YggdraTech.jpeg
2026-03-27T23:11:30.567903769-04:00 2026-03-28T03:11:30.567Z - GET /img/banner.jpg
2026-03-27T23:12:15.477610483-04:00 2026-03-28T03:12:15.477Z - GET /
2026-03-27T23:12:15.608661803-04:00 2026-03-28T03:12:15.608Z - GET /css/style.css?v=1.5
2026-03-27T23:12:15.611491388-04:00 2026-03-28T03:12:15.611Z - GET /img/YggdraTech.jpeg
2026-03-27T23:12:15.623901986-04:00 2026-03-28T03:12:15.623Z - GET /js/script.js
2026-03-27T23:12:15.701052554-04:00 2026-03-28T03:12:15.700Z - GET /img/banner.jpg
2026-03-27T23:14:31.787553018-04:00 2026-03-28T03:14:31.787Z - GET /
2026-03-27T23:14:31.999686061-04:00 2026-03-28T03:14:31.999Z - GET /css/style.css?v=1.5
2026-03-27T23:14:32.002279722-04:00 2026-03-28T03:14:32.002Z - GET /js/script.js
2026-03-27T23:14:32.009093894-04:00 2026-03-28T03:14:32.008Z - GET /img/YggdraTech.jpeg
2026-03-27T23:14:32.154996573-04:00 2026-03-28T03:14:32.154Z - GET /img/banner.jpg
2026-03-27T23:14:32.463099632-04:00 2026-03-28T03:14:32.462Z - GET /favicon.ico
2026-03-28T00:03:09.044323053-04:00 2026-03-28T04:03:09.043Z - GET /robots.txt
2026-03-28T00:13:13.497998791-04:00 2026-03-28T04:13:13.497Z - GET /
2026-03-28T00:13:13.604425448-04:00 2026-03-28T04:13:13.604Z - GET /css/style.css?v=1.5
2026-03-28T00:13:13.624657231-04:00 2026-03-28T04:13:13.624Z - GET /img/YggdraTech.jpeg
2026-03-28T00:13:13.635795439-04:00 2026-03-28T04:13:13.635Z - GET /js/script.js
2026-03-28T00:13:13.694700589-04:00 2026-03-28T04:13:13.694Z - GET /img/banner.jpg
2026-03-28T01:41:16.683533042-04:00 2026-03-28T05:41:16.683Z - GET /robots.txt
2026-03-28T02:55:42.337778229-04:00 2026-03-28T06:55:42.337Z - GET /robots.txt
2026-03-28T04:04:43.304508054-04:00 2026-03-28T08:04:43.304Z - GET /robots.txt
2026-03-28T04:34:36.97988949-04:00 2026-03-28T08:34:36.979Z - GET /
2026-03-28T05:12:28.03681295-04:00 2026-03-28T09:12:28.036Z - GET /robots.txt
2026-03-28T05:17:03.46736379-04:00 2026-03-28T09:17:03.466Z - GET /.git/config
2026-03-28T06:02:52.184024275-04:00 2026-03-28T10:02:52.183Z - GET /
2026-03-28T06:32:43.012096828-04:00 2026-03-28T10:32:43.011Z - GET /
2026-03-28T06:32:43.086576337-04:00 2026-03-28T10:32:43.086Z - GET /robots.txt
2026-03-28T06:32:43.127497184-04:00 2026-03-28T10:32:43.127Z - GET /sitemap.xml
2026-03-28T06:32:43.167407573-04:00 2026-03-28T10:32:43.167Z - GET /sitemap_index.xml
2026-03-28T06:59:20.033212416-04:00 2026-03-28T10:59:20.032Z - GET /robots.txt
2026-03-28T07:43:13.450433818-04:00 2026-03-28T11:43:13.450Z - GET /
2026-03-28T07:49:25.585946611-04:00 2026-03-28T11:49:25.585Z - GET /
2026-03-28T08:12:48.189347596-04:00 2026-03-28T12:12:48.189Z - GET /robots.txt
2026-03-28T09:01:20.094014648-04:00 2026-03-28T13:01:20.093Z - GET /wp-includes/css/buttons.css
2026-03-28T09:17:22.037819864-04:00 2026-03-28T13:17:22.037Z - GET /robots.txt
2026-03-28T10:26:20.955837086-04:00 2026-03-28T14:26:20.955Z - GET /robots.txt
2026-03-28T10:48:58.443706434-04:00 2026-03-28T14:48:58.443Z - GET /
2026-03-28T10:55:02.909663984-04:00 2026-03-28T14:55:02.909Z - GET /
2026-03-28T10:55:03.101374133-04:00 2026-03-28T14:55:03.100Z - GET /js/script.js
2026-03-28T10:55:03.205230691-04:00 2026-03-28T14:55:03.204Z - GET /img/YggdraTech.jpeg
2026-03-28T10:55:03.206768494-04:00 2026-03-28T14:55:03.206Z - GET /css/style.css?v=1.5
2026-03-28T10:55:03.586006729-04:00 2026-03-28T14:55:03.585Z - GET /img/banner.jpg
2026-03-28T10:55:03.644677159-04:00 2026-03-28T14:55:03.644Z - GET /favicon.ico
2026-03-28T11:06:11.702168838-04:00 2026-03-28T15:06:11.701Z - GET /.env
2026-03-28T11:41:33.746621616-04:00 2026-03-28T15:41:33.746Z - GET /
2026-03-28T11:41:34.002667658-04:00 2026-03-28T15:41:34.002Z - GET /
2026-03-28T11:41:34.143816078-04:00 2026-03-28T15:41:34.143Z - GET /favicon.ico
2026-03-28T11:41:34.841354763-04:00 2026-03-28T15:41:34.841Z - GET /
2026-03-28T11:41:34.96986027-04:00 2026-03-28T15:41:34.969Z - GET /
2026-03-28T11:41:35.102529225-04:00 2026-03-28T15:41:35.102Z - GET /
2026-03-28T11:41:35.270810799-04:00 2026-03-28T15:41:35.270Z - GET /img/YggdraTech.jpeg
2026-03-28T11:50:54.906874925-04:00 2026-03-28T15:50:54.906Z - GET /robots.txt
2026-03-28T12:13:15.294002534-04:00 2026-03-28T16:13:15.293Z - GET /
2026-03-28T13:07:48.471960118-04:00 2026-03-28T17:07:48.471Z - GET /robots.txt
2026-03-28T15:08:15.814692712-04:00 2026-03-28T19:08:15.814Z - GET /robots.txt
2026-03-28T15:18:21.021692609-04:00 2026-03-28T19:18:21.021Z - GET /
2026-03-28T15:18:21.230598761-04:00 2026-03-28T19:18:21.230Z - GET /css/style.css?v=1.5
2026-03-28T15:18:21.234090557-04:00 2026-03-28T19:18:21.233Z - GET /img/YggdraTech.jpeg
2026-03-28T15:18:21.23641635-04:00 2026-03-28T19:18:21.236Z - GET /js/script.js
2026-03-28T15:18:21.445368253-04:00 2026-03-28T19:18:21.445Z - GET /img/banner.jpg
2026-03-28T15:18:21.670855842-04:00 2026-03-28T19:18:21.670Z - GET /favicon.ico
2026-03-28T15:18:25.711111529-04:00 2026-03-28T19:18:25.710Z - GET /favicon.ico
2026-03-28T15:18:25.829993696-04:00 2026-03-28T19:18:25.829Z - GET /favicon.ico
2026-03-28T17:03:00.293048395-04:00 2026-03-28T21:03:00.292Z - GET /robots.txt
2026-03-28T17:58:13.232115623-04:00 2026-03-28T21:58:13.231Z - GET /
2026-03-28T17:58:13.543956266-04:00 2026-03-28T21:58:13.543Z - GET /img/YggdraTech.jpeg
2026-03-28T17:58:13.54540718-04:00 2026-03-28T21:58:13.545Z - GET /css/style.css?v=1.5
2026-03-28T17:58:13.563081383-04:00 2026-03-28T21:58:13.562Z - GET /js/script.js
2026-03-28T17:58:14.361724959-04:00 2026-03-28T21:58:14.361Z - GET /img/banner.jpg
2026-03-28T17:58:14.469621538-04:00 2026-03-28T21:58:14.469Z - GET /favicon.ico
2026-03-28T18:10:24.86382476-04:00 2026-03-28T22:10:24.863Z - GET /robots.txt
2026-03-28T18:12:31.450159454-04:00 2026-03-28T22:12:31.449Z - GET /robots.txt
2026-03-28T18:43:12.631240319-04:00 2026-03-28T22:43:12.630Z - GET /apple-touch-icon.png
2026-03-28T18:43:12.633705371-04:00 2026-03-28T22:43:12.633Z - GET /favicon.ico
2026-03-28T18:43:12.635867327-04:00 2026-03-28T22:43:12.635Z - GET /
2026-03-28T18:43:12.638785681-04:00 2026-03-28T22:43:12.638Z - GET /apple-touch-icon-precomposed.png
2026-03-28T18:43:13.051341331-04:00 2026-03-28T22:43:13.050Z - GET /
2026-03-28T18:43:13.417293707-04:00 2026-03-28T22:43:13.417Z - GET /css/style.css?v=1.5
2026-03-28T18:43:13.432569488-04:00 2026-03-28T22:43:13.432Z - GET /img/YggdraTech.jpeg
2026-03-28T18:43:13.43380284-04:00 2026-03-28T22:43:13.433Z - GET /js/script.js
2026-03-28T18:43:13.836078047-04:00 2026-03-28T22:43:13.835Z - GET /img/banner.jpg
2026-03-28T18:43:14.158076079-04:00 2026-03-28T22:43:14.157Z - GET /favicon.ico
2026-03-28T18:43:14.158783123-04:00 2026-03-28T22:43:14.158Z - GET /apple-touch-icon-precomposed.png
2026-03-28T18:43:14.161156592-04:00 2026-03-28T22:43:14.160Z - GET /apple-touch-icon.png
2026-03-28T19:56:00.592912595-04:00 2026-03-28T23:56:00.592Z - GET /robots.txt
2026-03-28T20:56:08.445069096-04:00 2026-03-29T00:56:08.444Z - GET /robots.txt
2026-03-28T21:56:23.107979446-04:00 2026-03-29T01:56:23.107Z - GET /robots.txt
2026-03-28T22:56:44.203752216-04:00 2026-03-29T02:56:44.203Z - GET /robots.txt
2026-03-28T23:30:02.332532723-04:00 2026-03-29T03:30:02.332Z - GET /wp-login.php
2026-03-28T23:44:28.688793915-04:00 2026-03-29T03:44:28.688Z - GET /
2026-03-28T23:44:40.738466951-04:00 2026-03-29T03:44:40.738Z - GET //static.cloudflareinsights.com/beacon.min.js
2026-03-28T23:44:40.750185329-04:00 2026-03-29T03:44:40.749Z - GET /js/script.js
2026-03-28T23:52:56.496852153-04:00 2026-03-29T03:52:56.496Z - GET /
2026-03-28T23:57:20.493484963-04:00 2026-03-29T03:57:20.493Z - GET /robots.txt
2026-03-29T00:09:31.492045211-04:00 2026-03-29T04:09:31.491Z - GET /
2026-03-29T00:09:31.550618706-04:00 2026-03-29T04:09:31.550Z - GET /favicon.ico
2026-03-29T00:09:31.613770074-04:00 2026-03-29T04:09:31.613Z - GET /favicon.ico
2026-03-29T00:09:31.664910916-04:00 2026-03-29T04:09:31.664Z - GET /favicon.ico
2026-03-29T00:09:33.197184652-04:00 2026-03-29T04:09:33.196Z - GET /favicon.ico
2026-03-29T00:34:37.042599744-04:00 2026-03-29T04:34:37.042Z - GET /
2026-03-29T00:34:37.390677453-04:00 2026-03-29T04:34:37.390Z - GET /js/script.js
2026-03-29T00:34:38.579960173-04:00 2026-03-29T04:34:38.579Z - GET /
2026-03-29T00:34:39.064207704-04:00 2026-03-29T04:34:39.063Z - GET /No%20favicon%20address%20found%20in%20site-XML
2026-03-29T01:07:41.853984147-04:00 2026-03-29T05:07:41.853Z - GET /robots.txt
2026-03-29T01:12:28.476451272-04:00 2026-03-29T05:12:28.476Z - GET /wp-login.php
2026-03-29T02:15:43.641731843-04:00 2026-03-29T06:15:43.641Z - GET /robots.txt
2026-03-29T02:30:25.458844624-04:00 2026-03-29T06:30:25.458Z - GET /
2026-03-29T02:30:25.865434333-04:00 2026-03-29T06:30:25.865Z - GET /favicon.ico
2026-03-29T03:49:18.631222921-04:00 2026-03-29T07:49:18.630Z - GET /robots.txt
2026-03-29T04:15:31.82454818-04:00 2026-03-29T08:15:31.824Z - GET /.git/config
2026-03-29T04:55:51.965447341-04:00 2026-03-29T08:55:51.965Z - GET /robots.txt
2026-03-29T05:25:35.7638927-04:00 2026-03-29T09:25:35.763Z - GET /
2026-03-29T05:25:35.864824709-04:00 2026-03-29T09:25:35.864Z - GET /.env
2026-03-29T05:25:35.962986837-04:00 2026-03-29T09:25:35.962Z - GET /.env.bak
2026-03-29T05:25:35.965337893-04:00 2026-03-29T09:25:35.965Z - GET /js/script.js
2026-03-29T05:25:35.969708086-04:00 2026-03-29T09:25:35.969Z - GET /
2026-03-29T05:25:35.974920859-04:00 2026-03-29T09:25:35.974Z - GET /%22/cdn-cgi/scripts/5c5dd728/cloudflare-static/email-decode.min.js%22
2026-03-29T05:25:35.977102089-04:00 2026-03-29T09:25:35.976Z - GET /%22/js/script.js%22
2026-03-29T05:25:36.065596691-04:00 2026-03-29T09:25:36.065Z - GET /.env.save
2026-03-29T05:25:36.16744706-04:00 2026-03-29T09:25:36.167Z - GET /.env.backup
2026-03-29T05:25:36.267463683-04:00 2026-03-29T09:25:36.267Z - GET /backend/.env
2026-03-29T05:25:36.367671926-04:00 2026-03-29T09:25:36.367Z - GET /admin/.env
2026-03-29T05:25:36.468182533-04:00 2026-03-29T09:25:36.467Z - GET /.git/config
2026-03-29T05:25:36.665448187-04:00 2026-03-29T09:25:36.665Z - GET /config.js
2026-03-29T05:25:36.856164283-04:00 2026-03-29T09:25:36.855Z - GET /aws-config.js
2026-03-29T05:25:37.060823377-04:00 2026-03-29T09:25:37.060Z - GET /aws.config.js
2026-03-29T05:25:37.168901898-04:00 2026-03-29T09:25:37.168Z - GET /_debugbar/
2026-03-29T05:25:37.271920194-04:00 2026-03-29T09:25:37.271Z - GET /debugbar/
2026-03-29T05:25:37.375885789-04:00 2026-03-29T09:25:37.375Z - GET /debug/
2026-03-29T05:25:37.476460189-04:00 2026-03-29T09:25:37.476Z - GET /phpinfo.php
2026-03-29T05:25:37.577865538-04:00 2026-03-29T09:25:37.577Z - GET /info.php
2026-03-29T05:25:37.678230813-04:00 2026-03-29T09:25:37.678Z - GET /test.php
2026-03-29T05:25:37.778980937-04:00 2026-03-29T09:25:37.778Z - GET /.aws/credentials
2026-03-29T05:25:37.878852103-04:00 2026-03-29T09:25:37.878Z - GET /.aws/config
2026-03-29T05:25:37.978414239-04:00 2026-03-29T09:25:37.978Z - GET /aws-credentials
2026-03-29T05:25:38.078522078-04:00 2026-03-29T09:25:38.078Z - GET /aws.json
2026-03-29T05:25:38.18035015-04:00 2026-03-29T09:25:38.180Z - GET /.s3cfg
2026-03-29T05:59:59.592036947-04:00 2026-03-29T09:59:59.591Z - GET /robots.txt
2026-03-29T07:01:01.433597274-04:00 2026-03-29T11:01:01.433Z - GET /robots.txt
2026-03-29T07:41:00.552434137-04:00 2026-03-29T11:41:00.552Z - GET /
2026-03-29T09:07:50.573074599-04:00 2026-03-29T13:07:50.572Z - GET /robots.txt
2026-03-29T09:25:04.793108655-04:00 2026-03-29T13:25:04.792Z - GET /
2026-03-29T10:13:57.705421467-04:00 2026-03-29T14:13:57.705Z - GET /robots.txt
2026-03-29T10:24:45.404532214-04:00 2026-03-29T14:24:45.404Z - GET /
2026-03-29T10:27:36.756621799-04:00 2026-03-29T14:27:36.756Z - GET /
2026-03-29T10:27:37.284133667-04:00 2026-03-29T14:27:37.283Z - GET /img/YggdraTech.jpeg
2026-03-29T10:27:37.285401968-04:00 2026-03-29T14:27:37.285Z - GET /js/script.js
2026-03-29T10:27:37.298456382-04:00 2026-03-29T14:27:37.298Z - GET /css/style.css?v=1.5
2026-03-29T10:27:39.013161319-04:00 2026-03-29T14:27:39.012Z - GET /img/banner.jpg
2026-03-29T10:27:39.06383891-04:00 2026-03-29T14:27:39.063Z - GET /favicon.ico
2026-03-29T10:30:56.313844436-04:00 2026-03-29T14:30:56.313Z - GET /robots.txt
2026-03-29T10:38:04.196902476-04:00 2026-03-29T14:38:04.196Z - GET /.env
2026-03-29T11:15:14.832868595-04:00 2026-03-29T15:15:14.832Z - GET /favicon.ico
2026-03-29T11:41:17.378421772-04:00 2026-03-29T15:41:17.378Z - GET /robots.txt
2026-03-29T12:50:06.819174336-04:00 2026-03-29T16:50:06.818Z - GET /
2026-03-29T12:50:07.738226436-04:00 2026-03-29T16:50:07.738Z - GET /
2026-03-29T12:50:08.169542264-04:00 2026-03-29T16:50:08.169Z - GET /
2026-03-29T12:50:12.647827614-04:00 2026-03-29T16:50:12.647Z - GET /robots.txt
2026-03-29T12:50:21.009613681-04:00 2026-03-29T16:50:21.009Z - GET /%23contact
2026-03-29T12:50:21.010033935-04:00 2026-03-29T16:50:21.009Z - GET /https%3A/fonts.googleapis.com/css2%3Ffamily%3DPoppins%3Awght%40400%3B600%3B700%26display%3Dswap
2026-03-29T12:50:21.016104653-04:00 2026-03-29T16:50:21.015Z - GET /css/style.css%3Fv%3D1.5
2026-03-29T12:50:21.017964566-04:00 2026-03-29T16:50:21.017Z - GET /%23services
2026-03-29T12:50:21.024352556-04:00 2026-03-29T16:50:21.024Z - GET /%23hero
2026-03-29T12:50:21.026964382-04:00 2026-03-29T16:50:21.026Z - GET /https%3A/linkedin.com/company/yggdra-tech
2026-03-29T12:50:21.028187886-04:00 2026-03-29T16:50:21.028Z - GET /https%3A/www.instagram.com/yggdra_tech/%3Figsh%3DMWl5czBjenp1cTgxeA%3D%3D%26utm_source%3Dqr%23
2026-03-29T12:50:21.038436602-04:00 2026-03-29T16:50:21.038Z - GET /https%3A/t.me/yggdra_tech
2026-03-29T12:50:21.042718656-04:00 2026-03-29T16:50:21.042Z - GET /js/script.js
2026-03-29T12:50:21.106011423-04:00 2026-03-29T16:50:21.105Z - GET /https%3A/fonts.googleapis.com/%23services
2026-03-29T12:50:21.111376772-04:00 2026-03-29T16:50:21.111Z - GET /https%3A/fonts.googleapis.com/https%3A/fonts.googleapis.com/css2%3Ffamily%3DPoppins%3Awght%40400%3B600%3B700%26display%3Dswap
2026-03-29T12:50:21.113633166-04:00 2026-03-29T16:50:21.113Z - GET /https%3A/fonts.googleapis.com/https%3A/www.instagram.com/yggdra_tech/%3Figsh%3DMWl5czBjenp1cTgxeA%3D%3D%26utm_source%3Dqr%23
2026-03-29T12:50:21.133002547-04:00 2026-03-29T16:50:21.132Z - GET /https%3A/fonts.googleapis.com/%23contact
2026-03-29T12:50:21.137934683-04:00 2026-03-29T16:50:21.137Z - GET /css/%23hero
2026-03-29T12:50:21.143380898-04:00 2026-03-29T16:50:21.143Z - GET /css/%23contact
2026-03-29T12:50:21.145583362-04:00 2026-03-29T16:50:21.145Z - GET /css/https%3A/linkedin.com/company/yggdra-tech
2026-03-29T12:50:21.149688357-04:00 2026-03-29T16:50:21.149Z - GET /css/https%3A/t.me/yggdra_tech
2026-03-29T12:50:21.153086436-04:00 2026-03-29T16:50:21.152Z - GET /https%3A/fonts.googleapis.com/https%3A/linkedin.com/company/yggdra-tech
2026-03-29T12:50:21.171521623-04:00 2026-03-29T16:50:21.171Z - GET /https%3A/www.instagram.com/yggdra_tech/%23hero
2026-03-29T12:50:21.1752348-04:00 2026-03-29T16:50:21.174Z - GET /https%3A/www.instagram.com/yggdra_tech/%23contact
2026-03-29T12:50:21.184784057-04:00 2026-03-29T16:50:21.184Z - GET /https%3A/www.instagram.com/yggdra_tech/https%3A/linkedin.com/company/yggdra-tech
2026-03-29T12:50:21.192603007-04:00 2026-03-29T16:50:21.192Z - GET /https%3A/www.instagram.com/yggdra_tech/https%3A/t.me/yggdra_tech
2026-03-29T12:50:21.206626606-04:00 2026-03-29T16:50:21.206Z - GET /css/https%3A/fonts.googleapis.com/css2%3Ffamily%3DPoppins%3Awght%40400%3B600%3B700%26display%3Dswap
2026-03-29T12:50:21.218880248-04:00 2026-03-29T16:50:21.218Z - GET /css/%23services
2026-03-29T12:50:21.242854048-04:00 2026-03-29T16:50:21.242Z - GET /https%3A/www.instagram.com/yggdra_tech/https%3A/fonts.googleapis.com/css2%3Ffamily%3DPoppins%3Awght%40400%3B600%3B700%26display%3Dswap
2026-03-29T12:50:21.250150849-04:00 2026-03-29T16:50:21.249Z - GET /https%3A/www.instagram.com/yggdra_tech/%23services
2026-03-29T12:50:21.276540087-04:00 2026-03-29T16:50:21.276Z - GET /https%3A/www.instagram.com/yggdra_tech/https%3A/www.instagram.com/yggdra_tech/%3Figsh%3DMWl5czBjenp1cTgxeA%3D%3D%26utm_source%3Dqr%23
2026-03-29T12:50:21.29988083-04:00 2026-03-29T16:50:21.299Z - GET /css/https%3A/www.instagram.com/yggdra_tech/%3Figsh%3DMWl5czBjenp1cTgxeA%3D%3D%26utm_source%3Dqr%23
2026-03-29T12:50:21.303589674-04:00 2026-03-29T16:50:21.303Z - GET /https%3A/fonts.googleapis.com/https%3A/t.me/yggdra_tech
2026-03-29T12:50:21.32503381-04:00 2026-03-29T16:50:21.324Z - GET /https%3A/fonts.googleapis.com/%23hero
2026-03-29T12:53:36.546384239-04:00 2026-03-29T16:53:36.546Z - GET /
2026-03-29T12:53:48.201880691-04:00 2026-03-29T16:53:48.201Z - GET /js/script.js
2026-03-29T12:53:48.203510796-04:00 2026-03-29T16:53:48.203Z - GET //static.cloudflareinsights.com/beacon.min.js
2026-03-29T12:54:07.391772984-04:00 2026-03-29T16:54:07.391Z - GET /js/script.js
2026-03-29T12:54:07.415072502-04:00 2026-03-29T16:54:07.414Z - GET //static.cloudflareinsights.com/beacon.min.js
2026-03-29T12:54:16.104317537-04:00 2026-03-29T16:54:16.104Z - GET /js/script.js
2026-03-29T12:54:16.199424412-04:00 2026-03-29T16:54:16.199Z - GET //static.cloudflareinsights.com/beacon.min.js
2026-03-29T13:49:31.355548053-04:00 2026-03-29T17:49:31.355Z - GET /
2026-03-29T13:49:31.614329351-04:00 2026-03-29T17:49:31.614Z - GET /img/YggdraTech.jpeg
2026-03-29T13:49:31.617214437-04:00 2026-03-29T17:49:31.617Z - GET /css/style.css?v=1.5
2026-03-29T13:49:31.619214496-04:00 2026-03-29T17:49:31.619Z - GET /js/script.js
2026-03-29T13:49:31.911742234-04:00 2026-03-29T17:49:31.911Z - GET /img/banner.jpg
2026-03-29T13:49:39.16068487-04:00 2026-03-29T17:49:39.160Z - GET /cmd_sco
2026-03-29T13:49:39.760478756-04:00 2026-03-29T17:49:39.760Z - GET /js/script.js
2026-03-29T13:49:46.307319464-04:00 2026-03-29T17:49:46.307Z - GET /cmd_sco
2026-03-29T13:49:46.524048455-04:00 2026-03-29T17:49:46.523Z - GET /img/YggdraTech.jpeg
2026-03-29T13:49:46.526328263-04:00 2026-03-29T17:49:46.526Z - GET /js/script.js
2026-03-29T13:49:46.531974054-04:00 2026-03-29T17:49:46.531Z - GET /css/style.css?v=1.5
2026-03-29T13:49:47.209499395-04:00 2026-03-29T17:49:47.209Z - GET /img/banner.jpg
2026-03-29T13:49:54.667819537-04:00 2026-03-29T17:49:54.667Z - GET /cmd_sco
2026-03-29T13:59:45.506866456-04:00 2026-03-29T17:59:45.506Z - GET /robots.txt
2026-03-29T14:23:57.079999207-04:00 2026-03-29T18:23:57.079Z - GET /
2026-03-29T14:23:57.103440286-04:00 2026-03-29T18:23:57.103Z - GET /favicon.ico
2026-03-29T14:23:57.119668043-04:00 2026-03-29T18:23:57.119Z - GET /favicon.png
2026-03-29T14:24:52.605167932-04:00 2026-03-29T18:24:52.604Z - GET /
2026-03-29T14:24:52.627813486-04:00 2026-03-29T18:24:52.627Z - GET /css/style.css?v=1.5
2026-03-29T14:24:52.629759774-04:00 2026-03-29T18:24:52.629Z - GET /img/YggdraTech.jpeg
2026-03-29T14:24:52.631970895-04:00 2026-03-29T18:24:52.631Z - GET /js/script.js
2026-03-29T14:24:52.657739026-04:00 2026-03-29T18:24:52.657Z - GET /img/banner.jpg
2026-03-29T14:24:53.28598347-04:00 2026-03-29T18:24:53.285Z - GET /favicon.ico
2026-03-29T14:25:06.378221915-04:00 2026-03-29T18:25:06.378Z - GET /
2026-03-29T14:47:18.298118104-04:00 2026-03-29T18:47:18.297Z - GET /
2026-03-29T15:39:57.634775649-04:00 2026-03-29T19:39:57.634Z - GET /robots.txt
2026-03-29T16:41:32.316074564-04:00 2026-03-29T20:41:32.315Z - GET /robots.txt
2026-03-29T18:10:46.062164326-04:00 2026-03-29T22:10:46.061Z - GET /robots.txt
2026-03-29T18:14:02.270132357-04:00 2026-03-29T22:14:02.269Z - GET /
2026-03-29T19:45:03.532175817-04:00 2026-03-29T23:45:03.531Z - GET /robots.txt
2026-03-29T20:46:28.588459205-04:00 2026-03-30T00:46:28.588Z - GET /robots.txt
2026-03-29T22:13:32.534543361-04:00 2026-03-30T02:13:32.534Z - GET /robots.txt
2026-03-29T22:35:19.674946233-04:00 2026-03-30T02:35:19.674Z - GET /
2026-03-29T22:35:19.835194744-04:00 2026-03-30T02:35:19.831Z - GET /
2026-03-29T22:35:25.001614915-04:00 2026-03-30T02:35:25.001Z - GET /
2026-03-29T22:36:02.724275675-04:00 2026-03-30T02:36:02.724Z - GET /
2026-03-29T22:38:13.228496626-04:00 2026-03-30T02:38:13.228Z - GET /favicon.ico
2026-03-29T23:30:05.316712098-04:00 2026-03-30T03:30:05.316Z - GET /robots.txt
2026-03-29T23:42:51.26086798-04:00 2026-03-30T03:42:51.260Z - GET /
2026-03-29T23:42:51.297320251-04:00 2026-03-30T03:42:51.297Z - GET /css/style.css?v=1.5
2026-03-29T23:42:51.300998396-04:00 2026-03-30T03:42:51.300Z - GET /img/YggdraTech.jpeg
2026-03-29T23:42:51.304432957-04:00 2026-03-30T03:42:51.304Z - GET /js/script.js
2026-03-29T23:42:51.432568603-04:00 2026-03-30T03:42:51.432Z - GET /img/banner.jpg
2026-03-29T23:42:52.946287164-04:00 2026-03-30T03:42:52.945Z - GET /favicon.ico
2026-03-29T23:42:53.078469135-04:00 2026-03-30T03:42:53.078Z - GET /
2026-03-29T23:42:53.1122877-04:00 2026-03-30T03:42:53.112Z - GET /css/style.css?v=1.5
2026-03-29T23:42:53.1151262-04:00 2026-03-30T03:42:53.114Z - GET /img/YggdraTech.jpeg
2026-03-29T23:42:53.123144028-04:00 2026-03-30T03:42:53.122Z - GET /js/script.js
2026-03-29T23:42:53.235872319-04:00 2026-03-30T03:42:53.235Z - GET /img/banner.jpg
2026-03-29T23:42:54.706433713-04:00 2026-03-30T03:42:54.706Z - GET /favicon.ico
2026-03-30T00:43:21.694023872-04:00 2026-03-30T04:43:21.693Z - GET /robots.txt
2026-03-30T01:21:14.109402787-04:00 2026-03-30T05:21:14.109Z - GET /
2026-03-30T02:12:56.407013291-04:00 2026-03-30T06:12:56.406Z - GET /robots.txt
2026-03-30T04:09:15.274939508-04:00 2026-03-30T08:09:15.274Z - GET /robots.txt
2026-03-30T05:13:02.490574361-04:00 2026-03-30T09:13:02.490Z - GET /robots.txt
2026-03-30T07:03:19.876222399-04:00 2026-03-30T11:03:19.875Z - GET /robots.txt
2026-03-30T07:35:39.168663872-04:00 2026-03-30T11:35:39.168Z - GET /
2026-03-30T08:39:54.187134312-04:00 2026-03-30T12:39:54.186Z - GET /robots.txt
2026-03-30T09:18:58.365158186-04:00 2026-03-30T13:18:58.364Z - GET /.env
2026-03-30T10:54:29.861937361-04:00 2026-03-30T14:54:29.861Z - GET /robots.txt
2026-03-30T11:37:45.218625768-04:00 2026-03-30T15:37:45.218Z - GET /
2026-03-30T11:57:08.751123541-04:00 2026-03-30T15:57:08.750Z - GET /robots.txt
2026-03-30T12:57:32.642629788-04:00 2026-03-30T16:57:32.642Z - GET /robots.txt
2026-03-30T13:27:51.803007018-04:00 2026-03-30T17:27:51.802Z - GET /
2026-03-30T14:00:58.087103758-04:00 2026-03-30T18:00:58.086Z - GET /
2026-03-30T14:00:58.349436107-04:00 2026-03-30T18:00:58.349Z - GET /css/style.css?v=1.5
2026-03-30T14:00:59.573647223-04:00 2026-03-30T18:00:59.573Z - GET /js/script.js
2026-03-30T14:00:59.577812469-04:00 2026-03-30T18:00:59.577Z - GET /img/YggdraTech.jpeg
2026-03-30T14:01:02.002052636-04:00 2026-03-30T18:01:02.001Z - GET /img/banner.jpg
2026-03-30T14:01:05.68936312-04:00 2026-03-30T18:01:05.689Z - GET /favicon.ico
2026-03-30T14:07:17.297751929-04:00 2026-03-30T18:07:17.297Z - GET /
2026-03-30T14:07:17.48758486-04:00 2026-03-30T18:07:17.487Z - GET /static/style/protect/index.js
2026-03-30T14:07:17.685680123-04:00 2026-03-30T18:07:17.685Z - GET /assets/js/message.js
2026-03-30T14:07:17.877831108-04:00 2026-03-30T18:07:17.877Z - GET /js/lkk_ch.js
2026-03-30T14:07:18.075202925-04:00 2026-03-30T18:07:18.074Z - GET /js/twint_ch.js
2026-03-30T14:07:18.266496567-04:00 2026-03-30T18:07:18.266Z - GET /assets/js/qr_modal.js
2026-03-30T14:07:18.456694023-04:00 2026-03-30T18:07:18.456Z - GET /assets/js/auth.js
2026-03-30T14:07:18.659908907-04:00 2026-03-30T18:07:18.659Z - GET /static/style/sys_files/index.js
2026-03-30T14:07:20.701325188-04:00 2026-03-30T18:07:20.701Z - GET /js/script.js
2026-03-30T14:07:20.901680857-04:00 2026-03-30T18:07:20.901Z - GET /img/YggdraTech.jpeg
2026-03-30T14:07:23.173605179-04:00 2026-03-30T18:07:23.173Z - GET /css/support_parent.css
2026-03-30T14:07:23.364994049-04:00 2026-03-30T18:07:23.364Z - GET /robots.txt
2026-03-30T14:07:23.555981559-04:00 2026-03-30T18:07:23.555Z - GET /css/style.css?v=1.5
2026-03-30T14:07:23.751931762-04:00 2026-03-30T18:07:23.751Z - GET /bot-connect.js
2026-03-30T14:41:08.163256134-04:00 2026-03-30T18:41:08.162Z - GET /robots.txt
2026-03-30T15:53:51.128568187-04:00 2026-03-30T19:53:51.128Z - GET /robots.txt
2026-03-30T16:37:07.55408734-04:00 2026-03-30T20:37:07.553Z - GET /wp-login.php
2026-03-30T16:37:08.057491013-04:00 2026-03-30T20:37:08.057Z - GET /xmlrpc.php
2026-03-30T17:41:02.788047849-04:00 2026-03-30T21:41:02.787Z - GET /robots.txt
2026-03-30T18:30:30.110925379-04:00 2026-03-30T22:30:30.110Z - GET /.git/config
2026-03-30T18:32:14.708410209-04:00 2026-03-30T22:32:14.708Z - GET //wp-includes/ID3/license.txt
2026-03-30T18:32:14.828443844-04:00 2026-03-30T22:32:14.828Z - GET //feed/
2026-03-30T18:32:14.94880242-04:00 2026-03-30T22:32:14.948Z - GET //xmlrpc.php?rsd
2026-03-30T18:32:15.074301685-04:00 2026-03-30T22:32:15.074Z - GET //blog/wp-includes/wlwmanifest.xml
2026-03-30T18:32:15.200380396-04:00 2026-03-30T22:32:15.200Z - GET //web/wp-includes/wlwmanifest.xml
2026-03-30T18:32:15.351124414-04:00 2026-03-30T22:32:15.350Z - GET //wordpress/wp-includes/wlwmanifest.xml
2026-03-30T18:32:15.476744959-04:00 2026-03-30T22:32:15.476Z - GET //wp/wp-includes/wlwmanifest.xml
2026-03-30T18:32:15.616598838-04:00 2026-03-30T22:32:15.616Z - GET //2020/wp-includes/wlwmanifest.xml
2026-03-30T18:32:15.742352619-04:00 2026-03-30T22:32:15.742Z - GET //2019/wp-includes/wlwmanifest.xml
2026-03-30T18:32:15.86767671-04:00 2026-03-30T22:32:15.867Z - GET //2021/wp-includes/wlwmanifest.xml
2026-03-30T18:32:16.007819795-04:00 2026-03-30T22:32:16.007Z - GET //shop/wp-includes/wlwmanifest.xml
2026-03-30T18:32:16.133748959-04:00 2026-03-30T22:32:16.133Z - GET //wp1/wp-includes/wlwmanifest.xml
2026-03-30T18:32:16.259182664-04:00 2026-03-30T22:32:16.258Z - GET //test/wp-includes/wlwmanifest.xml
2026-03-30T18:32:16.385467032-04:00 2026-03-30T22:32:16.385Z - GET //site/wp-includes/wlwmanifest.xml
2026-03-30T18:32:16.51035319-04:00 2026-03-30T22:32:16.510Z - GET //cms/wp-includes/wlwmanifest.xml
2026-03-30T18:46:17.151006566-04:00 2026-03-30T22:46:17.150Z - GET /
2026-03-30T18:46:17.302528437-04:00 2026-03-30T22:46:17.302Z - GET /
2026-03-30T18:46:17.511217812-04:00 2026-03-30T22:46:17.510Z - GET /favicon.ico
2026-03-30T18:46:17.523180699-04:00 2026-03-30T22:46:17.522Z - GET /favicon.ico
2026-03-30T18:47:02.848028992-04:00 2026-03-30T22:47:02.847Z - GET /robots.txt
2026-03-30T18:54:15.321801985-04:00 2026-03-30T22:54:15.321Z - GET /payment
2026-03-30T18:54:15.327434798-04:00 2026-03-30T22:54:15.327Z - GET /sitemap.xml
2026-03-30T18:54:15.58886768-04:00 2026-03-30T22:54:15.588Z - GET /plans
2026-03-30T18:54:15.663983801-04:00 2026-03-30T22:54:15.663Z - GET /.env.production
2026-03-30T18:54:16.679960081-04:00 2026-03-30T22:54:16.679Z - GET /account
2026-03-30T18:54:16.729427676-04:00 2026-03-30T22:54:16.729Z - GET /checkout
2026-03-30T18:54:16.820173736-04:00 2026-03-30T22:54:16.820Z - GET /index.html
2026-03-30T18:54:17.797498132-04:00 2026-03-30T22:54:17.797Z - GET /order
2026-03-30T18:54:17.887564753-04:00 2026-03-30T22:54:17.887Z - GET /billing
2026-03-30T18:54:17.897716307-04:00 2026-03-30T22:54:17.897Z - GET /dashboard
2026-03-30T18:54:17.991226668-04:00 2026-03-30T22:54:17.990Z - GET /donate
2026-03-30T18:54:17.993921433-04:00 2026-03-30T22:54:17.993Z - GET /signup
2026-03-30T18:54:18.057451536-04:00 2026-03-30T22:54:18.057Z - GET /register
2026-03-30T18:54:19.088744013-04:00 2026-03-30T22:54:19.088Z - GET /.env
2026-03-30T18:57:32.863254051-04:00 2026-03-30T22:57:32.862Z - GET /
2026-03-30T18:57:32.994669684-04:00 2026-03-30T22:57:32.994Z - GET /
2026-03-30T18:57:33.170893484-04:00 2026-03-30T22:57:33.170Z - GET /css/style.css?v=1.5
2026-03-30T18:57:33.181705228-04:00 2026-03-30T22:57:33.181Z - GET /img/YggdraTech.jpeg
2026-03-30T18:57:33.18347768-04:00 2026-03-30T22:57:33.183Z - GET /js/script.js
2026-03-30T18:57:33.402476397-04:00 2026-03-30T22:57:33.402Z - GET /img/banner.jpg
2026-03-30T19:00:22.628083158-04:00 2026-03-30T23:00:22.627Z - GET /
2026-03-30T19:00:22.984897486-04:00 2026-03-30T23:00:22.984Z - GET /img/YggdraTech.jpeg
2026-03-30T19:00:23.003819622-04:00 2026-03-30T23:00:23.003Z - GET /img/YggdraTech.jpeg
2026-03-30T19:02:58.555862204-04:00 2026-03-30T23:02:58.555Z - GET /
2026-03-30T19:03:02.485457635-04:00 2026-03-30T23:03:02.485Z - GET /
2026-03-30T19:03:08.655667485-04:00 2026-03-30T23:03:08.655Z - GET /
2026-03-30T19:03:20.361253986-04:00 2026-03-30T23:03:20.360Z - GET /css/style.css%3Fv%3D1.5
2026-03-30T19:03:20.760365763-04:00 2026-03-30T23:03:20.760Z - GET /https%3A/fonts.googleapis.com/css2%3Ffamily%3DPoppins%3Awght%40400%3B600%3B700%26display%3Dswap
2026-03-30T19:03:21.065357336-04:00 2026-03-30T23:03:21.065Z - GET /%23hero
2026-03-30T19:03:21.181463325-04:00 2026-03-30T23:03:21.181Z - GET /%23services
2026-03-30T19:03:21.337717215-04:00 2026-03-30T23:03:21.337Z - GET /%23contact
2026-03-30T19:03:21.572495132-04:00 2026-03-30T23:03:21.572Z - GET /https%3A/linkedin.com/company/yggdra-tech
2026-03-30T19:03:21.662252814-04:00 2026-03-30T23:03:21.662Z - GET /https%3A/www.instagram.com/yggdra_tech/%3Figsh%3DMWl5czBjenp1cTgxeA%3D%3D%26utm_source%3Dqr%23
2026-03-30T19:03:21.881907473-04:00 2026-03-30T23:03:21.881Z - GET /https%3A/t.me/yggdra_tech
2026-03-30T19:03:22.494038811-04:00 2026-03-30T23:03:22.493Z - GET /js/script.js
2026-03-30T19:49:49.396779294-04:00 2026-03-30T23:49:49.396Z - GET /
2026-03-30T20:00:28.271732571-04:00 2026-03-31T00:00:28.271Z - GET /
2026-03-30T20:00:28.576404952-04:00 2026-03-31T00:00:28.576Z - GET /css/style.css?v=1.5
2026-03-30T20:00:28.591920547-04:00 2026-03-31T00:00:28.591Z - GET /img/YggdraTech.jpeg
2026-03-30T20:00:28.592827516-04:00 2026-03-31T00:00:28.592Z - GET /js/script.js
2026-03-30T20:00:28.845929149-04:00 2026-03-31T00:00:28.845Z - GET /img/banner.jpg
2026-03-30T20:00:29.1455344-04:00 2026-03-31T00:00:29.145Z - GET /favicon.ico
2026-03-30T20:14:08.746616258-04:00 2026-03-31T00:14:08.746Z - GET /robots.txt
2026-03-30T20:52:56.474768127-04:00 2026-03-31T00:52:56.474Z - GET /robots.txt
2026-03-30T20:58:13.438656244-04:00 2026-03-31T00:58:13.438Z - GET /
2026-03-30T20:58:13.531263576-04:00 2026-03-31T00:58:13.531Z - GET /.env
2026-03-30T20:58:13.624352959-04:00 2026-03-31T00:58:13.624Z - GET /.env.bak
2026-03-30T20:58:13.663532771-04:00 2026-03-31T00:58:13.663Z - GET /%22/cdn-cgi/scripts/5c5dd728/cloudflare-static/email-decode.min.js%22
2026-03-30T20:58:13.666006979-04:00 2026-03-31T00:58:13.665Z - GET /
2026-03-30T20:58:13.669369492-04:00 2026-03-31T00:58:13.669Z - GET /js/script.js
2026-03-30T20:58:13.670444675-04:00 2026-03-31T00:58:13.670Z - GET /%22/js/script.js%22
2026-03-30T20:58:13.719230081-04:00 2026-03-31T00:58:13.718Z - GET /.env.save
2026-03-30T20:58:13.811956652-04:00 2026-03-31T00:58:13.811Z - GET /.env.local
2026-03-30T20:58:13.903606868-04:00 2026-03-31T00:58:13.903Z - GET /backend/.env
2026-03-30T20:58:13.999222456-04:00 2026-03-31T00:58:13.998Z - GET /admin/.env
2026-03-30T20:58:14.095639208-04:00 2026-03-31T00:58:14.095Z - GET /.git/config
2026-03-30T20:58:14.21115813-04:00 2026-03-31T00:58:14.210Z - GET /config.php
2026-03-30T20:58:14.306015382-04:00 2026-03-31T00:58:14.305Z - GET /config.php.bak
2026-03-30T20:58:14.48236015-04:00 2026-03-31T00:58:14.482Z - GET /config.js
2026-03-30T20:58:14.653374922-04:00 2026-03-31T00:58:14.653Z - GET /aws-config.js
2026-03-30T20:58:14.825674731-04:00 2026-03-31T00:58:14.825Z - GET /aws.config.js
2026-03-30T20:58:14.918795082-04:00 2026-03-31T00:58:14.918Z - GET /.git/HEAD
2026-03-30T20:58:15.011824689-04:00 2026-03-31T00:58:15.011Z - GET /.git/config
2026-03-30T21:30:12.10435277-04:00 2026-03-31T01:30:12.104Z - GET /robots.txt
2026-03-30T23:01:05.575630193-04:00 2026-03-31T03:01:05.575Z - GET /robots.txt
2026-03-31T00:11:35.24388392-04:00 2026-03-31T04:11:35.243Z - GET /
2026-03-31T00:11:35.354162574-04:00 2026-03-31T04:11:35.353Z - GET /js/script.js
2026-03-31T00:34:02.440015534-04:00 2026-03-31T04:34:02.439Z - GET /robots.txt
2026-03-31T01:41:28.89049815-04:00 2026-03-31T05:41:28.890Z - GET /
2026-03-31T01:41:28.982902262-04:00 2026-03-31T05:41:28.982Z - GET //wp-includes/wlwmanifest.xml
2026-03-31T01:41:29.076523023-04:00 2026-03-31T05:41:29.076Z - GET //xmlrpc.php?rsd
2026-03-31T01:41:29.173319288-04:00 2026-03-31T05:41:29.173Z - GET /
2026-03-31T01:41:29.269437399-04:00 2026-03-31T05:41:29.269Z - GET //blog/wp-includes/wlwmanifest.xml
2026-03-31T01:41:29.371952304-04:00 2026-03-31T05:41:29.371Z - GET //web/wp-includes/wlwmanifest.xml
2026-03-31T01:41:29.468040329-04:00 2026-03-31T05:41:29.467Z - GET //wordpress/wp-includes/wlwmanifest.xml
2026-03-31T01:41:29.565408133-04:00 2026-03-31T05:41:29.565Z - GET //website/wp-includes/wlwmanifest.xml
2026-03-31T01:41:29.664207394-04:00 2026-03-31T05:41:29.663Z - GET //wp/wp-includes/wlwmanifest.xml
2026-03-31T01:41:29.76120331-04:00 2026-03-31T05:41:29.760Z - GET //news/wp-includes/wlwmanifest.xml
2026-03-31T01:41:29.85874003-04:00 2026-03-31T05:41:29.858Z - GET //2018/wp-includes/wlwmanifest.xml
2026-03-31T01:41:29.955558029-04:00 2026-03-31T05:41:29.955Z - GET //2019/wp-includes/wlwmanifest.xml
2026-03-31T01:41:30.052205396-04:00 2026-03-31T05:41:30.052Z - GET //shop/wp-includes/wlwmanifest.xml
2026-03-31T01:41:30.150317172-04:00 2026-03-31T05:41:30.150Z - GET //wp1/wp-includes/wlwmanifest.xml
2026-03-31T01:41:30.247866896-04:00 2026-03-31T05:41:30.247Z - GET //test/wp-includes/wlwmanifest.xml
2026-03-31T01:41:30.344516289-04:00 2026-03-31T05:41:30.344Z - GET //media/wp-includes/wlwmanifest.xml
2026-03-31T01:41:30.460134529-04:00 2026-03-31T05:41:30.459Z - GET //wp2/wp-includes/wlwmanifest.xml
2026-03-31T01:41:30.557907645-04:00 2026-03-31T05:41:30.557Z - GET //site/wp-includes/wlwmanifest.xml
2026-03-31T01:41:30.655768511-04:00 2026-03-31T05:41:30.655Z - GET //cms/wp-includes/wlwmanifest.xml
2026-03-31T01:41:30.752481453-04:00 2026-03-31T05:41:30.752Z - GET //sito/wp-includes/wlwmanifest.xml
2026-03-31T02:05:48.902984196-04:00 2026-03-31T06:05:48.902Z - GET /robots.txt
2026-03-31T03:25:44.631731201-04:00 2026-03-31T07:25:44.631Z - GET /robots.txt
2026-03-31T04:32:31.521455784-04:00 2026-03-31T08:32:31.521Z - HEAD /
2026-03-31T04:32:33.212069914-04:00 2026-03-31T08:32:33.211Z - GET /
2026-03-31T04:32:33.50610294-04:00 2026-03-31T08:32:33.505Z - GET /css/style.css?v=1.5
2026-03-31T04:32:33.54633382-04:00 2026-03-31T08:32:33.546Z - GET /img/YggdraTech.jpeg
2026-03-31T04:32:33.548281138-04:00 2026-03-31T08:32:33.548Z - GET /js/script.js
2026-03-31T04:32:33.786303076-04:00 2026-03-31T08:32:33.786Z - GET /img/banner.jpg
2026-03-31T04:32:34.40263011-04:00 2026-03-31T08:32:34.402Z - GET /favicon.ico
2026-03-31T04:32:38.62698526-04:00 2026-03-31T08:32:38.626Z - GET /favicon.ico
2026-03-31T04:32:39.749382578-04:00 2026-03-31T08:32:39.749Z - GET /ads.txt
2026-03-31T04:32:39.931441778-04:00 2026-03-31T08:32:39.931Z - GET /app-ads.txt
2026-03-31T04:32:40.115995469-04:00 2026-03-31T08:32:40.115Z - GET /sellers.json
2026-03-31T04:34:31.265662231-04:00 2026-03-31T08:34:31.265Z - GET /
2026-03-31T04:34:31.762220722-04:00 2026-03-31T08:34:31.762Z - GET /favicon.ico
2026-03-31T04:40:01.310135884-04:00 2026-03-31T08:40:01.309Z - GET /
2026-03-31T04:40:01.409393137-04:00 2026-03-31T08:40:01.409Z - GET //wp-includes/wlwmanifest.xml
2026-03-31T04:40:01.560819818-04:00 2026-03-31T08:40:01.560Z - GET //xmlrpc.php?rsd
2026-03-31T04:40:01.837200234-04:00 2026-03-31T08:40:01.836Z - GET /
2026-03-31T04:40:01.952067028-04:00 2026-03-31T08:40:01.951Z - GET //blog/wp-includes/wlwmanifest.xml
2026-03-31T04:40:02.162198834-04:00 2026-03-31T08:40:02.162Z - GET //web/wp-includes/wlwmanifest.xml
2026-03-31T04:40:02.267171426-04:00 2026-03-31T08:40:02.266Z - GET //wordpress/wp-includes/wlwmanifest.xml
2026-03-31T04:40:02.367995133-04:00 2026-03-31T08:40:02.367Z - GET //website/wp-includes/wlwmanifest.xml
2026-03-31T04:40:02.467832518-04:00 2026-03-31T08:40:02.467Z - GET //wp/wp-includes/wlwmanifest.xml
2026-03-31T04:40:02.580992004-04:00 2026-03-31T08:40:02.580Z - GET //news/wp-includes/wlwmanifest.xml
2026-03-31T04:40:02.687007983-04:00 2026-03-31T08:40:02.686Z - GET //2018/wp-includes/wlwmanifest.xml
2026-03-31T04:40:02.811233818-04:00 2026-03-31T08:40:02.810Z - GET //2019/wp-includes/wlwmanifest.xml
2026-03-31T04:40:02.91555515-04:00 2026-03-31T08:40:02.915Z - GET //shop/wp-includes/wlwmanifest.xml
2026-03-31T04:40:03.024114022-04:00 2026-03-31T08:40:03.023Z - GET //wp1/wp-includes/wlwmanifest.xml
2026-03-31T04:40:03.153315938-04:00 2026-03-31T08:40:03.153Z - GET //test/wp-includes/wlwmanifest.xml
2026-03-31T04:40:03.258013116-04:00 2026-03-31T08:40:03.257Z - GET //media/wp-includes/wlwmanifest.xml
2026-03-31T04:40:03.466771747-04:00 2026-03-31T08:40:03.466Z - GET //wp2/wp-includes/wlwmanifest.xml
2026-03-31T04:40:03.62458157-04:00 2026-03-31T08:40:03.624Z - GET //site/wp-includes/wlwmanifest.xml
2026-03-31T04:40:03.767963007-04:00 2026-03-31T08:40:03.767Z - GET //cms/wp-includes/wlwmanifest.xml
2026-03-31T04:40:03.868427668-04:00 2026-03-31T08:40:03.868Z - GET //sito/wp-includes/wlwmanifest.xml
2026-03-31T05:22:33.901848559-04:00 2026-03-31T09:22:33.901Z - GET /robots.txt
2026-03-31T06:39:55.287956799-04:00 2026-03-31T10:39:55.287Z - GET /robots.txt
2026-03-31T07:41:17.456330003-04:00 2026-03-31T11:41:17.456Z - GET /
2026-03-31T07:45:42.286686576-04:00 2026-03-31T11:45:42.286Z - GET /
2026-03-31T07:57:26.416895952-04:00 2026-03-31T11:57:26.416Z - GET /robots.txt
2026-03-31T09:53:29.256309146-04:00 2026-03-31T13:53:29.256Z - GET /robots.txt
2026-03-31T09:54:54.576131997-04:00 2026-03-31T13:54:54.575Z - GET /.git/config
2026-03-31T10:59:50.556783756-04:00 2026-03-31T14:59:50.556Z - GET /robots.txt
2026-03-31T11:11:18.957455635-04:00 2026-03-31T15:11:18.957Z - GET /
2026-03-31T11:23:08.165922098-04:00 2026-03-31T15:23:08.165Z - GET /
2026-03-31T12:06:59.201868315-04:00 2026-03-31T16:06:59.201Z - GET /robots.txt
2026-03-31T13:34:19.946820763-04:00 2026-03-31T17:34:19.946Z - GET /
2026-03-31T13:34:19.967362053-04:00 2026-03-31T17:34:19.967Z - GET /favicon.ico
2026-03-31T13:34:19.973383288-04:00 2026-03-31T17:34:19.973Z - GET /apple-touch-icon-precomposed.png
2026-03-31T13:34:19.975262047-04:00 2026-03-31T17:34:19.975Z - GET /apple-touch-icon.png
2026-03-31T13:41:13.015154743-04:00 2026-03-31T17:41:13.014Z - GET /
2026-03-31T13:56:55.565197093-04:00 2026-03-31T17:56:55.565Z - GET /robots.txt
2026-03-31T14:03:01.439714053-04:00 2026-03-31T18:03:01.439Z - GET /.env
2026-03-31T14:17:25.810365586-04:00 2026-03-31T18:17:25.810Z - GET /
2026-03-31T14:17:25.852281201-04:00 2026-03-31T18:17:25.852Z - GET /css/style.css?v=1.5
2026-03-31T14:17:25.855677274-04:00 2026-03-31T18:17:25.855Z - GET /js/script.js
2026-03-31T14:17:25.857633583-04:00 2026-03-31T18:17:25.857Z - GET /img/YggdraTech.jpeg
2026-03-31T14:17:25.899689198-04:00 2026-03-31T18:17:25.899Z - GET /img/banner.jpg
2026-03-31T14:17:26.02593206-04:00 2026-03-31T18:17:26.025Z - GET /favicon.ico
2026-03-31T14:17:31.302218792-04:00 2026-03-31T18:17:31.301Z - GET /favicon.ico
2026-03-31T14:28:03.950966794-04:00 2026-03-31T18:28:03.950Z - GET /config.php
2026-03-31T14:28:03.972062912-04:00 2026-03-31T18:28:03.971Z - GET /appsettings.json
2026-03-31T14:28:03.981485113-04:00 2026-03-31T18:28:03.981Z - GET /app.js
2026-03-31T14:28:04.004942509-04:00 2026-03-31T18:28:04.004Z - GET /server.js
2026-03-31T14:28:04.009239738-04:00 2026-03-31T18:28:04.009Z - GET /.git/config
2026-03-31T14:28:04.014825074-04:00 2026-03-31T18:28:04.014Z - GET /.env
2026-03-31T14:28:04.02509168-04:00 2026-03-31T18:28:04.024Z - GET /phpinfo.php
2026-03-31T14:28:04.066123427-04:00 2026-03-31T18:28:04.065Z - GET /info.php
2026-03-31T14:31:02.624540071-04:00 2026-03-31T18:31:02.624Z - GET /database.php
2026-03-31T14:31:02.633209372-04:00 2026-03-31T18:31:02.633Z - GET /settings.php
2026-03-31T14:31:02.641880818-04:00 2026-03-31T18:31:02.641Z - GET /web.config
2026-03-31T14:31:02.698288969-04:00 2026-03-31T18:31:02.698Z - GET /composer.json
2026-03-31T14:31:02.709413246-04:00 2026-03-31T18:31:02.709Z - GET /.gitconfig
2026-03-31T14:31:02.749058796-04:00 2026-03-31T18:31:02.748Z - GET /docker-compose.yml
2026-03-31T14:31:02.768103292-04:00 2026-03-31T18:31:02.767Z - GET /application.yml
2026-03-31T14:31:02.811607777-04:00 2026-03-31T18:31:02.811Z - GET /db.php
2026-03-31T14:31:02.818239832-04:00 2026-03-31T18:31:02.818Z - GET /.env.bak
2026-03-31T14:31:02.879689621-04:00 2026-03-31T18:31:02.879Z - GET /config.js
2026-03-31T14:33:49.487846517-04:00 2026-03-31T18:33:49.487Z - GET /phpinfo/info.php
2026-03-31T14:33:49.490235888-04:00 2026-03-31T18:33:49.490Z - GET /pinfo.php
2026-03-31T14:33:49.498766934-04:00 2026-03-31T18:33:49.498Z - GET /portal/phpinfo.php
2026-03-31T14:33:49.515174828-04:00 2026-03-31T18:33:49.514Z - GET /functions.php
2026-03-31T14:33:49.579893833-04:00 2026-03-31T18:33:49.579Z - GET /settings.py
2026-03-31T14:33:49.582243298-04:00 2026-03-31T18:33:49.582Z - GET /test.php
2026-03-31T14:33:49.593734714-04:00 2026-03-31T18:33:49.593Z - GET /configuration.php
2026-03-31T14:33:49.605622492-04:00 2026-03-31T18:33:49.605Z - GET /config.json
2026-03-31T14:33:49.612065678-04:00 2026-03-31T18:33:49.611Z - GET /.aws/credentials
2026-03-31T14:33:49.628257129-04:00 2026-03-31T18:33:49.628Z - GET /php_info.php
2026-03-31T14:33:49.635616382-04:00 2026-03-31T18:33:49.635Z - GET /.env-config.js
2026-03-31T14:33:49.641237914-04:00 2026-03-31T18:33:49.641Z - GET /config/application.yml
2026-03-31T14:33:49.652370497-04:00 2026-03-31T18:33:49.652Z - GET /index.php
2026-03-31T14:33:49.656758834-04:00 2026-03-31T18:33:49.656Z - GET /app/config/parameters.yml
2026-03-31T14:33:49.665538445-04:00 2026-03-31T18:33:49.665Z - GET /.env.js
2026-03-31T14:33:49.727523309-04:00 2026-03-31T18:33:49.727Z - GET /config/parameters.yml
2026-03-31T14:33:49.738568993-04:00 2026-03-31T18:33:49.738Z - GET /server_info.php
2026-03-31T15:32:42.046826655-04:00 2026-03-31T19:32:42.046Z - GET /robots.txt
2026-03-31T16:21:43.617488455-04:00 2026-03-31T20:21:43.617Z - GET /
2026-03-31T16:22:54.929064051-04:00 2026-03-31T20:22:54.928Z - GET /robots.txt
2026-03-31T16:35:50.307102009-04:00 2026-03-31T20:35:50.301Z - GET /robots.txt
2026-03-31T17:43:42.144982504-04:00 2026-03-31T21:43:42.144Z - GET /robots.txt
2026-03-31T19:36:36.27917329-04:00 2026-03-31T23:36:36.278Z - GET /robots.txt
2026-03-31T20:38:14.243974496-04:00 2026-04-01T00:38:14.243Z - GET /robots.txt
2026-03-31T22:25:19.473367479-04:00 2026-04-01T02:25:19.473Z - GET /robots.txt
2026-04-01T00:15:06.654434291-04:00 2026-04-01T04:15:06.654Z - GET /robots.txt
2026-04-01T01:53:23.224660209-04:00 2026-04-01T05:53:23.224Z - GET /robots.txt
2026-04-01T03:02:01.63418739-04:00 2026-04-01T07:02:01.633Z - GET /robots.txt
2026-04-01T03:11:26.855827361-04:00 2026-04-01T07:11:26.855Z - GET /
2026-04-01T04:14:35.236377498-04:00 2026-04-01T08:14:35.236Z - GET /robots.txt
2026-04-01T05:20:25.709815597-04:00 2026-04-01T09:20:25.709Z - GET /robots.txt
2026-04-01T08:05:02.035083436-04:00 2026-04-01T12:05:02.034Z - GET /
2026-04-01T08:05:02.136984915-04:00 2026-04-01T12:05:02.136Z - GET //wp-includes/wlwmanifest.xml
2026-04-01T08:05:02.236608154-04:00 2026-04-01T12:05:02.236Z - GET //xmlrpc.php?rsd
2026-04-01T08:05:02.34341022-04:00 2026-04-01T12:05:02.343Z - GET /
2026-04-01T08:05:02.447582765-04:00 2026-04-01T12:05:02.447Z - GET //blog/wp-includes/wlwmanifest.xml
2026-04-01T08:05:02.551491459-04:00 2026-04-01T12:05:02.551Z - GET //web/wp-includes/wlwmanifest.xml
2026-04-01T08:05:02.658343592-04:00 2026-04-01T12:05:02.658Z - GET //wordpress/wp-includes/wlwmanifest.xml
2026-04-01T08:05:02.78286091-04:00 2026-04-01T12:05:02.782Z - GET //website/wp-includes/wlwmanifest.xml
2026-04-01T08:05:02.888828175-04:00 2026-04-01T12:05:02.888Z - GET //wp/wp-includes/wlwmanifest.xml
2026-04-01T08:05:02.994668649-04:00 2026-04-01T12:05:02.994Z - GET //news/wp-includes/wlwmanifest.xml
2026-04-01T08:05:03.10237223-04:00 2026-04-01T12:05:03.102Z - GET //2018/wp-includes/wlwmanifest.xml
2026-04-01T08:05:03.208905193-04:00 2026-04-01T12:05:03.208Z - GET //2019/wp-includes/wlwmanifest.xml
2026-04-01T08:05:03.315439866-04:00 2026-04-01T12:05:03.315Z - GET //shop/wp-includes/wlwmanifest.xml
2026-04-01T08:05:03.423486237-04:00 2026-04-01T12:05:03.423Z - GET //wp1/wp-includes/wlwmanifest.xml
2026-04-01T08:05:03.548267873-04:00 2026-04-01T12:05:03.548Z - GET //test/wp-includes/wlwmanifest.xml
2026-04-01T08:05:03.652978523-04:00 2026-04-01T12:05:03.652Z - GET //media/wp-includes/wlwmanifest.xml
2026-04-01T08:05:03.758340807-04:00 2026-04-01T12:05:03.758Z - GET //wp2/wp-includes/wlwmanifest.xml
2026-04-01T08:05:03.863985691-04:00 2026-04-01T12:05:03.863Z - GET //site/wp-includes/wlwmanifest.xml
2026-04-01T08:05:03.970088671-04:00 2026-04-01T12:05:03.969Z - GET //cms/wp-includes/wlwmanifest.xml
2026-04-01T08:05:04.075579593-04:00 2026-04-01T12:05:04.075Z - GET //sito/wp-includes/wlwmanifest.xml
2026-04-01T08:07:46.0569391-04:00 2026-04-01T12:07:46.056Z - GET /robots.txt
2026-04-01T09:14:42.167192551-04:00 2026-04-01T13:14:42.166Z - GET /robots.txt
2026-04-01T11:17:07.764529754-04:00 2026-04-01T15:17:07.764Z - GET /
2026-04-01T11:39:01.894760307-04:00 2026-04-01T15:39:01.894Z - GET /robots.txt
2026-04-01T11:52:01.404221425-04:00 2026-04-01T15:52:01.403Z - GET /
2026-04-01T11:52:01.514877367-04:00 2026-04-01T15:52:01.514Z - GET //wp-includes/wlwmanifest.xml
2026-04-01T11:52:01.629017089-04:00 2026-04-01T15:52:01.628Z - GET //xmlrpc.php?rsd
2026-04-01T11:52:01.735744518-04:00 2026-04-01T15:52:01.735Z - GET /
2026-04-01T11:52:01.844160714-04:00 2026-04-01T15:52:01.843Z - GET //blog/wp-includes/wlwmanifest.xml
2026-04-01T11:52:01.952882604-04:00 2026-04-01T15:52:01.952Z - GET //web/wp-includes/wlwmanifest.xml
2026-04-01T11:52:02.078865985-04:00 2026-04-01T15:52:02.078Z - GET //wordpress/wp-includes/wlwmanifest.xml
2026-04-01T11:52:02.192705678-04:00 2026-04-01T15:52:02.192Z - GET //website/wp-includes/wlwmanifest.xml
2026-04-01T11:52:02.299697321-04:00 2026-04-01T15:52:02.299Z - GET //wp/wp-includes/wlwmanifest.xml
2026-04-01T11:52:02.445336827-04:00 2026-04-01T15:52:02.445Z - GET //news/wp-includes/wlwmanifest.xml
2026-04-01T11:52:02.552261132-04:00 2026-04-01T15:52:02.552Z - GET //2018/wp-includes/wlwmanifest.xml
2026-04-01T11:52:02.662511982-04:00 2026-04-01T15:52:02.662Z - GET //2019/wp-includes/wlwmanifest.xml
2026-04-01T11:52:02.769104712-04:00 2026-04-01T15:52:02.768Z - GET //shop/wp-includes/wlwmanifest.xml
2026-04-01T11:52:02.877839767-04:00 2026-04-01T15:52:02.877Z - GET //wp1/wp-includes/wlwmanifest.xml
2026-04-01T11:52:02.986004269-04:00 2026-04-01T15:52:02.985Z - GET //test/wp-includes/wlwmanifest.xml
2026-04-01T11:52:03.093875489-04:00 2026-04-01T15:52:03.093Z - GET //media/wp-includes/wlwmanifest.xml
2026-04-01T11:52:03.201353055-04:00 2026-04-01T15:52:03.201Z - GET //wp2/wp-includes/wlwmanifest.xml
2026-04-01T11:52:03.310970787-04:00 2026-04-01T15:52:03.310Z - GET //site/wp-includes/wlwmanifest.xml
2026-04-01T11:52:03.426093833-04:00 2026-04-01T15:52:03.425Z - GET //cms/wp-includes/wlwmanifest.xml
2026-04-01T11:52:03.533224623-04:00 2026-04-01T15:52:03.532Z - GET //sito/wp-includes/wlwmanifest.xml
2026-04-01T12:05:10.948469401-04:00 2026-04-01T16:05:10.948Z - GET /
2026-04-01T12:05:11.238044944-04:00 2026-04-01T16:05:11.237Z - GET /css/style.css?v=1.5
2026-04-01T12:05:11.240091914-04:00 2026-04-01T16:05:11.239Z - GET /js/script.js
2026-04-01T12:05:11.24251719-04:00 2026-04-01T16:05:11.242Z - GET /img/YggdraTech.jpeg
2026-04-01T12:05:11.532323608-04:00 2026-04-01T16:05:11.532Z - GET /img/banner.jpg
2026-04-01T12:05:11.631236921-04:00 2026-04-01T16:05:11.630Z - GET /favicon.ico
2026-04-01T12:38:16.30157646-04:00 2026-04-01T16:38:16.301Z - GET /
2026-04-01T12:38:18.922192834-04:00 2026-04-01T16:38:18.921Z - GET /js/script.js
2026-04-01T12:38:18.925611132-04:00 2026-04-01T16:38:18.925Z - GET /css/style.css?v=1.5
2026-04-01T12:38:18.927423173-04:00 2026-04-01T16:38:18.927Z - GET /img/YggdraTech.jpeg
2026-04-01T12:38:22.081627478-04:00 2026-04-01T16:38:22.081Z - GET /img/banner.jpg
2026-04-01T12:38:57.74402439-04:00 2026-04-01T16:38:57.743Z - GET /favicon.ico
2026-04-01T12:38:58.142858928-04:00 2026-04-01T16:38:58.142Z - GET /apple-touch-icon.png
2026-04-01T12:48:27.541635492-04:00 2026-04-01T16:48:27.541Z - GET /robots.txt
2026-04-01T12:50:54.065695619-04:00 2026-04-01T16:50:54.065Z - GET /
2026-04-01T12:50:55.749782071-04:00 2026-04-01T16:50:55.749Z - GET /css/support_parent.css
2026-04-01T12:50:55.945797693-04:00 2026-04-01T16:50:55.945Z - GET /assets/js/qr_modal.js
2026-04-01T12:50:57.688400399-04:00 2026-04-01T16:50:57.688Z - GET /js/twint_ch.js
2026-04-01T12:50:57.891935609-04:00 2026-04-01T16:50:57.891Z - GET /js/lkk_ch.js
2026-04-01T12:50:58.081340628-04:00 2026-04-01T16:50:58.081Z - GET /bot-connect.js
2026-04-01T12:50:58.278582317-04:00 2026-04-01T16:50:58.278Z - GET /static/style/protect/index.js
2026-04-01T12:50:58.475112378-04:00 2026-04-01T16:50:58.474Z - GET /img/YggdraTech.jpeg
2026-04-01T12:50:58.674409324-04:00 2026-04-01T16:50:58.674Z - GET /static/style/sys_files/index.js
2026-04-01T12:50:58.865258769-04:00 2026-04-01T16:50:58.864Z - GET /assets/js/auth.js
2026-04-01T12:50:59.051654602-04:00 2026-04-01T16:50:59.051Z - GET /assets/js/message.js
2026-04-01T12:50:59.245610452-04:00 2026-04-01T16:50:59.245Z - GET /js/script.js
2026-04-01T12:50:59.43490591-04:00 2026-04-01T16:50:59.434Z - GET /robots.txt
2026-04-01T12:50:59.629448915-04:00 2026-04-01T16:50:59.629Z - GET /css/style.css?v=1.5
2026-04-01T13:16:08.89807298-04:00 2026-04-01T17:16:08.897Z - GET /
2026-04-01T13:16:09.066779026-04:00 2026-04-01T17:16:09.066Z - GET /css/style.css?v=1.5
2026-04-01T13:16:09.069850179-04:00 2026-04-01T17:16:09.069Z - GET /js/script.js
2026-04-01T13:16:09.07564887-04:00 2026-04-01T17:16:09.075Z - GET /img/YggdraTech.jpeg
2026-04-01T13:16:09.464217298-04:00 2026-04-01T17:16:09.464Z - GET /img/banner.jpg
2026-04-01T13:16:09.662851544-04:00 2026-04-01T17:16:09.662Z - GET /favicon.ico
2026-04-01T13:31:27.354254633-04:00 2026-04-01T17:31:27.354Z - GET /
2026-04-01T15:01:24.167738553-04:00 2026-04-01T19:01:24.167Z - GET /
2026-04-01T15:01:24.358841662-04:00 2026-04-01T19:01:24.358Z - GET //wp-includes/wlwmanifest.xml
2026-04-01T15:01:24.455157369-04:00 2026-04-01T19:01:24.454Z - GET //xmlrpc.php?rsd
2026-04-01T15:01:24.563118509-04:00 2026-04-01T19:01:24.562Z - GET /
2026-04-01T15:01:24.675814454-04:00 2026-04-01T19:01:24.675Z - GET //blog/wp-includes/wlwmanifest.xml
2026-04-01T15:01:24.77895755-04:00 2026-04-01T19:01:24.778Z - GET //web/wp-includes/wlwmanifest.xml
2026-04-01T15:01:24.880120232-04:00 2026-04-01T19:01:24.879Z - GET //wordpress/wp-includes/wlwmanifest.xml
2026-04-01T15:01:24.995734053-04:00 2026-04-01T19:01:24.995Z - GET //website/wp-includes/wlwmanifest.xml
2026-04-01T15:01:25.113029179-04:00 2026-04-01T19:01:25.112Z - GET //wp/wp-includes/wlwmanifest.xml
2026-04-01T15:01:25.217322076-04:00 2026-04-01T19:01:25.217Z - GET //news/wp-includes/wlwmanifest.xml
2026-04-01T15:01:25.319093551-04:00 2026-04-01T19:01:25.318Z - GET //2018/wp-includes/wlwmanifest.xml
2026-04-01T15:01:25.419372024-04:00 2026-04-01T19:01:25.419Z - GET //2019/wp-includes/wlwmanifest.xml
2026-04-01T15:01:25.520223611-04:00 2026-04-01T19:01:25.519Z - GET //shop/wp-includes/wlwmanifest.xml
2026-04-01T15:01:25.624843249-04:00 2026-04-01T19:01:25.624Z - GET //wp1/wp-includes/wlwmanifest.xml
2026-04-01T15:01:25.728315997-04:00 2026-04-01T19:01:25.728Z - GET //test/wp-includes/wlwmanifest.xml
2026-04-01T15:01:25.848296931-04:00 2026-04-01T19:01:25.848Z - GET //media/wp-includes/wlwmanifest.xml
2026-04-01T15:01:25.950102899-04:00 2026-04-01T19:01:25.949Z - GET //wp2/wp-includes/wlwmanifest.xml
2026-04-01T15:01:26.0514849-04:00 2026-04-01T19:01:26.051Z - GET //site/wp-includes/wlwmanifest.xml
2026-04-01T15:01:26.152439627-04:00 2026-04-01T19:01:26.152Z - GET //cms/wp-includes/wlwmanifest.xml
2026-04-01T15:01:26.257455049-04:00 2026-04-01T19:01:26.257Z - GET //sito/wp-includes/wlwmanifest.xml
2026-04-01T15:34:12.831591922-04:00 2026-04-01T19:34:12.831Z - GET /
2026-04-01T15:58:25.268829856-04:00 2026-04-01T19:58:25.268Z - GET /robots.txt
2026-04-01T15:58:25.293769919-04:00 2026-04-01T19:58:25.293Z - GET /robots.txt
2026-04-01T16:38:27.340374373-04:00 2026-04-01T20:38:27.340Z - GET /
2026-04-01T18:10:31.066150662-04:00 2026-04-01T22:10:31.065Z - GET /
2026-04-01T18:28:01.919502199-04:00 2026-04-01T22:28:01.919Z - GET /robots.txt
2026-04-01T19:32:19.252549166-04:00 2026-04-01T23:32:19.252Z - GET /robots.txt
2026-04-01T21:32:19.670629209-04:00 2026-04-02T01:32:19.670Z - GET /robots.txt
2026-04-01T22:18:46.757597442-04:00 2026-04-02T02:18:46.757Z - GET /robots.txt
2026-04-01T22:32:35.168574126-04:00 2026-04-02T02:32:35.168Z - GET /robots.txt
2026-04-01T23:03:11.865079654-04:00 2026-04-02T03:03:11.864Z - GET /.git/config
2026-04-01T23:32:56.308186103-04:00 2026-04-02T03:32:56.307Z - GET /robots.txt
2026-04-02T01:11:20.979790812-04:00 2026-04-02T05:11:20.979Z - GET /robots.txt
2026-04-02T02:00:46.994150976-04:00 2026-04-02T06:00:46.993Z - GET /
2026-04-02T02:00:47.561049047-04:00 2026-04-02T06:00:47.560Z - GET //wp-includes/wlwmanifest.xml
2026-04-02T02:00:48.176333852-04:00 2026-04-02T06:00:48.176Z - GET //xmlrpc.php?rsd
2026-04-02T02:00:48.68418991-04:00 2026-04-02T06:00:48.683Z - GET /
2026-04-02T02:00:48.906244275-04:00 2026-04-02T06:00:48.905Z - GET //blog/wp-includes/wlwmanifest.xml
2026-04-02T02:00:49.193292485-04:00 2026-04-02T06:00:49.193Z - GET //web/wp-includes/wlwmanifest.xml
2026-04-02T02:00:49.53879975-04:00 2026-04-02T06:00:49.538Z - GET //wordpress/wp-includes/wlwmanifest.xml
2026-04-02T02:00:49.706665994-04:00 2026-04-02T06:00:49.706Z - GET //website/wp-includes/wlwmanifest.xml
2026-04-02T02:00:49.982086389-04:00 2026-04-02T06:00:49.981Z - GET //wp/wp-includes/wlwmanifest.xml
2026-04-02T02:00:50.473295353-04:00 2026-04-02T06:00:50.473Z - GET //news/wp-includes/wlwmanifest.xml
2026-04-02T02:00:50.711312842-04:00 2026-04-02T06:00:50.711Z - GET //2018/wp-includes/wlwmanifest.xml
2026-04-02T02:00:51.030653703-04:00 2026-04-02T06:00:51.030Z - GET //2019/wp-includes/wlwmanifest.xml
2026-04-02T02:00:51.369351134-04:00 2026-04-02T06:00:51.369Z - GET //shop/wp-includes/wlwmanifest.xml
2026-04-02T02:00:51.639759915-04:00 2026-04-02T06:00:51.639Z - GET //wp1/wp-includes/wlwmanifest.xml
2026-04-02T02:00:51.853140781-04:00 2026-04-02T06:00:51.852Z - GET //test/wp-includes/wlwmanifest.xml
2026-04-02T02:00:52.227131249-04:00 2026-04-02T06:00:52.226Z - GET //media/wp-includes/wlwmanifest.xml
2026-04-02T02:00:52.526210472-04:00 2026-04-02T06:00:52.526Z - GET //wp2/wp-includes/wlwmanifest.xml
2026-04-02T02:00:52.78191785-04:00 2026-04-02T06:00:52.781Z - GET //site/wp-includes/wlwmanifest.xml
2026-04-02T02:00:53.033786805-04:00 2026-04-02T06:00:53.033Z - GET //cms/wp-includes/wlwmanifest.xml
2026-04-02T02:00:53.582721291-04:00 2026-04-02T06:00:53.582Z - GET //sito/wp-includes/wlwmanifest.xml
2026-04-02T02:12:36.447725533-04:00 2026-04-02T06:12:36.447Z - GET /robots.txt
2026-04-02T02:53:21.1077937-04:00 2026-04-02T06:53:21.107Z - GET /
2026-04-02T04:11:03.565768437-04:00 2026-04-02T08:11:03.565Z - GET /robots.txt
2026-04-02T05:07:45.133917481-04:00 2026-04-02T09:07:45.133Z - GET /
2026-04-02T05:07:45.340779314-04:00 2026-04-02T09:07:45.340Z - GET /favicon.ico
2026-04-02T05:24:47.010936094-04:00 2026-04-02T09:24:47.010Z - GET /robots.txt
2026-04-02T05:39:53.306936427-04:00 2026-04-02T09:39:53.306Z - GET /
2026-04-02T05:39:53.405370589-04:00 2026-04-02T09:39:53.405Z - GET //wp-includes/wlwmanifest.xml
2026-04-02T05:39:53.504829622-04:00 2026-04-02T09:39:53.504Z - GET //xmlrpc.php?rsd
2026-04-02T05:39:53.67830003-04:00 2026-04-02T09:39:53.678Z - GET /
2026-04-02T05:39:53.828609939-04:00 2026-04-02T09:39:53.828Z - GET //blog/wp-includes/wlwmanifest.xml
2026-04-02T05:39:53.955071935-04:00 2026-04-02T09:39:53.954Z - GET //web/wp-includes/wlwmanifest.xml
2026-04-02T05:39:54.06615888-04:00 2026-04-02T09:39:54.065Z - GET //wordpress/wp-includes/wlwmanifest.xml
2026-04-02T05:39:54.19006393-04:00 2026-04-02T09:39:54.189Z - GET //website/wp-includes/wlwmanifest.xml
2026-04-02T05:39:54.314425863-04:00 2026-04-02T09:39:54.314Z - GET //wp/wp-includes/wlwmanifest.xml
2026-04-02T05:39:54.420849153-04:00 2026-04-02T09:39:54.420Z - GET //news/wp-includes/wlwmanifest.xml
2026-04-02T05:39:54.523885034-04:00 2026-04-02T09:39:54.523Z - GET //2018/wp-includes/wlwmanifest.xml
2026-04-02T05:39:54.628776304-04:00 2026-04-02T09:39:54.628Z - GET //2019/wp-includes/wlwmanifest.xml
2026-04-02T05:39:54.731199565-04:00 2026-04-02T09:39:54.730Z - GET //shop/wp-includes/wlwmanifest.xml
2026-04-02T05:39:54.842623549-04:00 2026-04-02T09:39:54.842Z - GET //wp1/wp-includes/wlwmanifest.xml
2026-04-02T05:39:54.94473997-04:00 2026-04-02T09:39:54.944Z - GET //test/wp-includes/wlwmanifest.xml
2026-04-02T05:39:55.066599725-04:00 2026-04-02T09:39:55.066Z - GET //media/wp-includes/wlwmanifest.xml
2026-04-02T05:39:55.170920616-04:00 2026-04-02T09:39:55.170Z - GET //wp2/wp-includes/wlwmanifest.xml
2026-04-02T05:39:55.271684228-04:00 2026-04-02T09:39:55.271Z - GET //site/wp-includes/wlwmanifest.xml
2026-04-02T05:39:55.372812972-04:00 2026-04-02T09:39:55.372Z - GET //cms/wp-includes/wlwmanifest.xml
2026-04-02T05:39:55.473428221-04:00 2026-04-02T09:39:55.473Z - GET //sito/wp-includes/wlwmanifest.xml
2026-04-02T06:32:11.952968699-04:00 2026-04-02T10:32:11.952Z - GET /
2026-04-02T06:32:23.028252848-04:00 2026-04-02T10:32:23.027Z - GET //static.cloudflareinsights.com/beacon.min.js
2026-04-02T06:32:23.124615677-04:00 2026-04-02T10:32:23.124Z - GET /js/script.js
2026-04-02T06:45:33.585879521-04:00 2026-04-02T10:45:33.585Z - GET /robots.txt
2026-04-02T06:55:24.821141637-04:00 2026-04-02T10:55:24.820Z - GET /
2026-04-02T07:24:04.70931131-04:00 2026-04-02T11:24:04.709Z - GET /
2026-04-02T08:47:14.769681882-04:00 2026-04-02T12:47:14.769Z - GET /robots.txt
2026-04-02T10:11:41.718772664-04:00 2026-04-02T14:11:41.718Z - GET /robots.txt
2026-04-02T10:33:10.865792372-04:00 2026-04-02T14:33:10.865Z - GET /
2026-04-02T10:56:24.291390364-04:00 2026-04-02T14:56:24.291Z - GET /
2026-04-02T12:11:42.473790499-04:00 2026-04-02T16:11:42.473Z - GET /robots.txt
2026-04-02T13:06:33.153476664-04:00 2026-04-02T17:06:33.153Z - GET /
2026-04-02T13:20:12.272165134-04:00 2026-04-02T17:20:12.271Z - GET /robots.txt
2026-04-02T13:31:47.098425533-04:00 2026-04-02T17:31:47.098Z - GET /wp-login.php
2026-04-02T14:10:03.42794572-04:00 2026-04-02T18:10:03.427Z - GET /
2026-04-02T14:10:03.789663651-04:00 2026-04-02T18:10:03.789Z - GET /css/style.css?v=1.5
2026-04-02T14:10:03.798516751-04:00 2026-04-02T18:10:03.798Z - GET /js/script.js
2026-04-02T14:10:03.800323578-04:00 2026-04-02T18:10:03.800Z - GET /img/YggdraTech.jpeg
2026-04-02T14:10:04.185101146-04:00 2026-04-02T18:10:04.184Z - GET /favicon.ico
2026-04-02T14:10:04.194689895-04:00 2026-04-02T18:10:04.194Z - GET /img/banner.jpg
2026-04-02T14:10:09.942973568-04:00 2026-04-02T18:10:09.942Z - GET /
2026-04-02T14:10:10.274433816-04:00 2026-04-02T18:10:10.274Z - GET /css/style.css?v=1.5
2026-04-02T14:10:10.279704084-04:00 2026-04-02T18:10:10.279Z - GET /js/script.js
2026-04-02T14:10:10.281123926-04:00 2026-04-02T18:10:10.280Z - GET /img/YggdraTech.jpeg
2026-04-02T14:10:10.569111787-04:00 2026-04-02T18:10:10.568Z - GET /img/banner.jpg
2026-04-02T14:10:10.656189853-04:00 2026-04-02T18:10:10.653Z - GET /favicon.ico
2026-04-02T14:10:12.13846935-04:00 2026-04-02T18:10:12.138Z - GET /
2026-04-02T14:10:22.025337734-04:00 2026-04-02T18:10:22.025Z - GET /
2026-04-02T14:10:22.231514337-04:00 2026-04-02T18:10:22.231Z - GET /favicon.ico
2026-04-02T14:10:50.028222032-04:00 2026-04-02T18:10:50.027Z - GET /
2026-04-02T14:10:50.38525206-04:00 2026-04-02T18:10:50.384Z - GET /css/style.css?v=1.5
2026-04-02T14:10:50.386890503-04:00 2026-04-02T18:10:50.386Z - GET /img/YggdraTech.jpeg
2026-04-02T14:10:50.388506291-04:00 2026-04-02T18:10:50.388Z - GET /js/script.js
2026-04-02T14:10:50.536323573-04:00 2026-04-02T18:10:50.535Z - GET /img/banner.jpg
2026-04-02T14:10:50.804479012-04:00 2026-04-02T18:10:50.804Z - GET /favicon.ico
2026-04-02T14:12:51.54859529-04:00 2026-04-02T18:12:51.548Z - GET /
2026-04-02T14:12:51.758543923-04:00 2026-04-02T18:12:51.758Z - GET /css/style.css?v=1.5
2026-04-02T14:12:51.761027197-04:00 2026-04-02T18:12:51.760Z - GET /img/YggdraTech.jpeg
2026-04-02T14:12:51.762354301-04:00 2026-04-02T18:12:51.762Z - GET /js/script.js
2026-04-02T14:12:52.005585523-04:00 2026-04-02T18:12:52.005Z - GET /img/banner.jpg
2026-04-02T14:44:38.44957988-04:00 2026-04-02T18:44:38.449Z - GET /
2026-04-02T14:51:44.81722979-04:00 2026-04-02T18:51:44.816Z - GET /
2026-04-02T14:51:44.929483621-04:00 2026-04-02T18:51:44.929Z - GET /favicon.ico
2026-04-02T14:51:44.931251928-04:00 2026-04-02T18:51:44.931Z - GET /apple-touch-icon-precomposed.png
2026-04-02T14:51:44.933563187-04:00 2026-04-02T18:51:44.933Z - GET /apple-touch-icon.png
2026-04-02T15:06:07.925394907-04:00 2026-04-02T19:06:07.925Z - GET /robots.txt
2026-04-02T15:10:49.983619072-04:00 2026-04-02T19:10:49.983Z - GET /
2026-04-02T16:37:01.608429272-04:00 2026-04-02T20:37:01.608Z - GET /robots.txt
2026-04-02T17:42:39.722859155-04:00 2026-04-02T21:42:39.722Z - GET /robots.txt
2026-04-02T18:37:10.409707879-04:00 2026-04-02T22:37:10.409Z - GET /aws.env
2026-04-02T18:37:10.409879904-04:00 2026-04-02T22:37:10.409Z - GET /.aws/credentials
2026-04-02T18:37:10.538017485-04:00 2026-04-02T22:37:10.537Z - GET /.env.production
2026-04-02T18:37:14.396846157-04:00 2026-04-02T22:37:14.396Z - GET /.env
2026-04-02T18:59:16.364595532-04:00 2026-04-02T22:59:16.364Z - GET /robots.txt
2026-04-02T20:08:06.131683105-04:00 2026-04-03T00:08:06.131Z - GET /robots.txt
2026-04-02T21:08:46.250965826-04:00 2026-04-03T01:08:46.250Z - GET /robots.txt
2026-04-02T22:14:46.849062349-04:00 2026-04-03T02:14:46.848Z - GET /robots.txt
2026-04-02T23:18:27.003802315-04:00 2026-04-03T03:18:27.003Z - GET /robots.txt
2026-04-02T23:33:34.352029362-04:00 2026-04-03T03:33:34.351Z - GET /
2026-04-03T00:32:05.617768167-04:00 2026-04-03T04:32:05.617Z - GET /robots.txt
2026-04-03T01:45:24.691932537-04:00 2026-04-03T05:45:24.691Z - GET /robots.txt
2026-04-03T02:10:40.659558006-04:00 2026-04-03T06:10:40.659Z - GET /
2026-04-03T02:10:40.933318479-04:00 2026-04-03T06:10:40.932Z - GET /
2026-04-03T02:10:41.113523303-04:00 2026-04-03T06:10:41.113Z - GET /img/YggdraTech.jpeg
2026-04-03T02:10:41.127251584-04:00 2026-04-03T06:10:41.126Z - GET /css/style.css?v=1.5
2026-04-03T02:10:41.130868091-04:00 2026-04-03T06:10:41.130Z - GET /js/script.js
2026-04-03T02:10:41.308548865-04:00 2026-04-03T06:10:41.308Z - GET /img/banner.jpg
2026-04-03T02:10:41.524286101-04:00 2026-04-03T06:10:41.524Z - GET /favicon.ico
2026-04-03T03:02:33.053076686-04:00 2026-04-03T07:02:33.052Z - GET /robots.txt
2026-04-03T04:11:38.643381516-04:00 2026-04-03T08:11:38.643Z - GET /robots.txt
2026-04-03T05:33:42.784230626-04:00 2026-04-03T09:33:42.783Z - GET /robots.txt
2026-04-03T06:14:25.983495018-04:00 2026-04-03T10:14:25.983Z - GET /
2026-04-03T06:14:26.306501925-04:00 2026-04-03T10:14:26.306Z - GET /css/style.css?v=1.5
2026-04-03T06:14:26.312082327-04:00 2026-04-03T10:14:26.311Z - GET /img/YggdraTech.jpeg
2026-04-03T06:14:26.315007862-04:00 2026-04-03T10:14:26.314Z - GET /js/script.js
2026-04-03T06:14:26.627720753-04:00 2026-04-03T10:14:26.627Z - GET /img/banner.jpg
2026-04-03T06:36:20.743506551-04:00 2026-04-03T10:36:20.743Z - GET /robots.txt
2026-04-03T07:49:41.683303224-04:00 2026-04-03T11:49:41.683Z - GET /robots.txt
2026-04-03T09:15:00.586285316-04:00 2026-04-03T13:15:00.586Z - GET /robots.txt
2026-04-03T11:00:52.773675854-04:00 2026-04-03T15:00:52.773Z - GET /robots.txt
2026-04-03T11:43:11.341973946-04:00 2026-04-03T15:43:11.341Z - GET /
2026-04-03T11:45:00.976530559-04:00 2026-04-03T15:45:00.976Z - GET /.env
2026-04-03T12:26:18.70916405-04:00 2026-04-03T16:26:18.708Z - GET /robots.txt
2026-04-03T13:32:10.698073246-04:00 2026-04-03T17:32:10.697Z - GET /robots.txt
2026-04-03T14:32:22.396444477-04:00 2026-04-03T18:32:22.396Z - GET /
2026-04-03T14:32:22.572229746-04:00 2026-04-03T18:32:22.571Z - GET /favicon.ico
2026-04-03T14:32:22.612785696-04:00 2026-04-03T18:32:22.612Z - GET /favicon.png
2026-04-03T14:33:16.989784628-04:00 2026-04-03T18:33:16.989Z - GET /
2026-04-03T14:33:17.017279521-04:00 2026-04-03T18:33:17.016Z - GET /img/YggdraTech.jpeg
2026-04-03T14:33:17.020196026-04:00 2026-04-03T18:33:17.020Z - GET /js/script.js
2026-04-03T14:33:17.021257735-04:00 2026-04-03T18:33:17.021Z - GET /css/style.css?v=1.5
2026-04-03T14:33:17.055778687-04:00 2026-04-03T18:33:17.055Z - GET /img/banner.jpg
2026-04-03T14:33:17.682442068-04:00 2026-04-03T18:33:17.682Z - GET /favicon.ico
2026-04-03T14:33:18.62193806-04:00 2026-04-03T18:33:18.621Z - GET /
2026-04-03T15:08:17.629363855-04:00 2026-04-03T19:08:17.629Z - GET /robots.txt
2026-04-03T18:19:38.083327437-04:00 2026-04-03T22:19:38.082Z - GET /robots.txt
2026-04-03T19:45:58.642579611-04:00 2026-04-03T23:45:58.642Z - GET /robots.txt
2026-04-03T21:46:27.514116457-04:00 2026-04-04T01:46:27.513Z - GET /robots.txt
2026-04-03T22:58:15.733550566-04:00 2026-04-04T02:58:15.733Z - GET /
2026-04-03T22:58:15.873347998-04:00 2026-04-04T02:58:15.873Z - GET /js/script.js
2026-04-03T22:58:19.990414548-04:00 2026-04-04T02:58:19.990Z - GET /
2026-04-03T22:58:20.133961857-04:00 2026-04-04T02:58:20.133Z - GET /js/script.js
2026-04-03T22:58:20.158358396-04:00 2026-04-04T02:58:20.158Z - GET /css/style.css?v=1.5
2026-04-03T22:58:20.177870044-04:00 2026-04-04T02:58:20.177Z - GET /img/YggdraTech.jpeg
2026-04-03T22:58:20.302698556-04:00 2026-04-04T02:58:20.302Z - GET /img/banner.jpg
2026-04-04T00:30:49.491856674-04:00 2026-04-04T04:30:49.491Z - GET /robots.txt
2026-04-04T03:29:38.220840368-04:00 2026-04-04T07:29:38.220Z - GET /robots.txt
2026-04-04T06:42:52.753435376-04:00 2026-04-04T10:42:52.753Z - GET /robots.txt
2026-04-04T09:20:43.084595098-04:00 2026-04-04T13:20:43.084Z - GET /robots.txt
2026-04-04T10:31:05.091172675-04:00 2026-04-04T14:31:05.090Z - GET /
2026-04-04T12:45:24.696642249-04:00 2026-04-04T16:45:24.696Z - GET /robots.txt
2026-04-04T14:54:11.805941643-04:00 2026-04-04T18:54:11.805Z - GET /robots.txt
2026-04-04T16:35:53.023767882-04:00 2026-04-04T20:35:53.023Z - GET /robots.txt
2026-04-04T17:20:43.866948351-04:00 2026-04-04T21:20:43.866Z - GET /robots.txt
2026-04-04T17:50:16.005170071-04:00 2026-04-04T21:50:16.004Z - GET /robots.txt
2026-04-04T20:28:14.640981294-04:00 2026-04-05T00:28:14.640Z - GET /robots.txt
2026-04-04T22:16:50.587450067-04:00 2026-04-05T02:16:50.587Z - GET /robots.txt
2026-04-04T23:32:08.340799756-04:00 2026-04-05T03:32:08.340Z - GET /
2026-04-05T00:48:55.878750246-04:00 2026-04-05T04:48:55.878Z - GET /robots.txt
2026-04-05T01:15:39.069794523-04:00 2026-04-05T05:15:39.069Z - GET /index.html
2026-04-05T01:15:39.232241647-04:00 2026-04-05T05:15:39.231Z - GET /sitemap.xml
2026-04-05T01:15:39.299775664-04:00 2026-04-05T05:15:39.299Z - GET /cart
2026-04-05T01:15:39.437696778-04:00 2026-04-05T05:15:39.437Z - GET /.env.production
2026-04-05T01:15:39.793751865-04:00 2026-04-05T05:15:39.793Z - GET /
2026-04-05T01:15:39.869127295-04:00 2026-04-05T05:15:39.868Z - GET /.env.production.local
2026-04-05T01:15:40.028914363-04:00 2026-04-05T05:15:40.028Z - GET /.env
2026-04-05T01:15:40.060637259-04:00 2026-04-05T05:15:40.060Z - GET /.env.prod
2026-04-05T01:15:40.137036023-04:00 2026-04-05T05:15:40.136Z - GET /account
2026-04-05T01:15:40.254398581-04:00 2026-04-05T05:15:40.254Z - GET /.env.staging
2026-04-05T01:15:40.378758849-04:00 2026-04-05T05:15:40.378Z - GET /plans
2026-04-05T01:15:40.405009002-04:00 2026-04-05T05:15:40.404Z - GET /order
2026-04-05T01:15:40.420743175-04:00 2026-04-05T05:15:40.420Z - GET /admin
2026-04-05T01:15:40.456139261-04:00 2026-04-05T05:15:40.455Z - GET /pricing
2026-04-05T01:15:40.520709687-04:00 2026-04-05T05:15:40.520Z - GET /
2026-04-05T01:15:40.522759095-04:00 2026-04-05T05:15:40.522Z - GET /donate
2026-04-05T01:15:40.525684107-04:00 2026-04-05T05:15:40.525Z - GET /.env.stage
2026-04-05T01:15:40.547869431-04:00 2026-04-05T05:15:40.547Z - GET /.env.dev
2026-04-05T01:15:40.567888201-04:00 2026-04-05T05:15:40.567Z - GET /subscribe
2026-04-05T01:15:40.666463043-04:00 2026-04-05T05:15:40.666Z - GET /.env.development
2026-04-05T01:15:40.676087952-04:00 2026-04-05T05:15:40.675Z - GET /robots.txt
2026-04-05T01:15:40.777163492-04:00 2026-04-05T05:15:40.776Z - GET /.env.local
2026-04-05T01:15:40.78974172-04:00 2026-04-05T05:15:40.789Z - GET /favicon.ico
2026-04-05T01:15:40.88070515-04:00 2026-04-05T05:15:40.880Z - GET /favicon.ico
2026-04-05T01:15:40.884556946-04:00 2026-04-05T05:15:40.884Z - GET /.env.test
2026-04-05T01:15:40.896483551-04:00 2026-04-05T05:15:40.896Z - GET /.env.uat
2026-04-05T01:15:40.957617407-04:00 2026-04-05T05:15:40.957Z - GET /shop
2026-04-05T01:15:40.995981134-04:00 2026-04-05T05:15:40.995Z - GET /.env.bak
2026-04-05T01:15:41.02549851-04:00 2026-04-05T05:15:41.025Z - GET /billing
2026-04-05T01:15:41.037986475-04:00 2026-04-05T05:15:41.037Z - GET /signup
2026-04-05T01:15:41.038693054-04:00 2026-04-05T05:15:41.038Z - GET /.env.backup
2026-04-05T01:15:41.04138573-04:00 2026-04-05T05:15:41.041Z - GET /.env.vite
2026-04-05T01:15:41.046810323-04:00 2026-04-05T05:15:41.046Z - GET /dashboard
2026-04-05T01:15:41.100914869-04:00 2026-04-05T05:15:41.100Z - GET /.env.save
2026-04-05T01:15:41.112836977-04:00 2026-04-05T05:15:41.112Z - GET /register
2026-04-05T01:15:41.133112589-04:00 2026-04-05T05:15:41.132Z - GET /checkout
2026-04-05T01:15:41.163254436-04:00 2026-04-05T05:15:41.162Z - GET /.env.dist
2026-04-05T01:15:41.166346472-04:00 2026-04-05T05:15:41.166Z - GET /.env.old
2026-04-05T01:15:41.167266862-04:00 2026-04-05T05:15:41.167Z - GET /.env.template
2026-04-05T01:15:41.170190391-04:00 2026-04-05T05:15:41.170Z - GET /.env.example
2026-04-05T01:15:41.171837219-04:00 2026-04-05T05:15:41.171Z - GET /.env.json
2026-04-05T01:15:41.17419795-04:00 2026-04-05T05:15:41.173Z - GET /payment
2026-04-05T01:15:41.174661209-04:00 2026-04-05T05:15:41.174Z - GET /.env.txt
2026-04-05T01:15:41.187563588-04:00 2026-04-05T05:15:41.187Z - GET /.env.aws
2026-04-05T01:15:41.188174266-04:00 2026-04-05T05:15:41.188Z - GET /.env.stripe
2026-04-05T01:15:41.191758841-04:00 2026-04-05T05:15:41.191Z - GET /.env_sample
2026-04-05T01:15:41.21891276-04:00 2026-04-05T05:15:41.218Z - GET /env
2026-04-05T01:15:41.289325305-04:00 2026-04-05T05:15:41.289Z - GET /env.backup
2026-04-05T01:15:41.314821784-04:00 2026-04-05T05:15:41.314Z - GET /api/.env
2026-04-05T01:15:41.351420943-04:00 2026-04-05T05:15:41.351Z - GET /api/v1/.env
2026-04-05T01:15:41.36091691-04:00 2026-04-05T05:15:41.360Z - GET /api/v2/.env
2026-04-05T01:15:41.38484363-04:00 2026-04-05T05:15:41.384Z - GET /api/shared/.env
2026-04-05T01:15:41.438289933-04:00 2026-04-05T05:15:41.438Z - GET /api/shared/config/.env
2026-04-05T01:15:41.451856789-04:00 2026-04-05T05:15:41.451Z - GET /backend/.env
2026-04-05T01:15:41.490453802-04:00 2026-04-05T05:15:41.490Z - GET /laravel/.env
2026-04-05T01:15:41.492662965-04:00 2026-04-05T05:15:41.492Z - GET /laravel/core/.env
2026-04-05T01:15:41.570067066-04:00 2026-04-05T05:15:41.569Z - GET /payment/.env
2026-04-05T01:15:41.59443849-04:00 2026-04-05T05:15:41.594Z - GET /admin/.env
2026-04-05T01:15:41.640838471-04:00 2026-04-05T05:15:41.640Z - GET /core/.env
2026-04-05T01:15:41.706930377-04:00 2026-04-05T05:15:41.706Z - GET /stripe/.env
2026-04-05T01:15:41.711854048-04:00 2026-04-05T05:15:41.711Z - GET /assets/.env
2026-04-05T01:15:41.729372957-04:00 2026-04-05T05:15:41.729Z - GET /app/.env
2026-04-05T01:15:41.731219683-04:00 2026-04-05T05:15:41.731Z - GET /docker/.env
2026-04-05T01:15:41.732286854-04:00 2026-04-05T05:15:41.732Z - GET /docker/app/.env
2026-04-05T01:15:41.734639982-04:00 2026-04-05T05:15:41.734Z - GET /server/.env
2026-04-05T01:15:41.743288047-04:00 2026-04-05T05:15:41.743Z - GET /web/.env
2026-04-05T01:15:41.75296693-04:00 2026-04-05T05:15:41.752Z - GET /src/.env
2026-04-05T01:15:41.757735007-04:00 2026-04-05T05:15:41.757Z - GET /src/config/.env
2026-04-05T01:15:41.781736239-04:00 2026-04-05T05:15:41.781Z - GET /public/.env
2026-04-05T01:15:41.783886237-04:00 2026-04-05T05:15:41.783Z - GET /config/.env
2026-04-05T01:15:41.847995115-04:00 2026-04-05T05:15:41.847Z - GET /portal/.env
2026-04-05T01:15:41.853736381-04:00 2026-04-05T05:15:41.853Z - GET /env/.env
2026-04-05T01:15:41.857672947-04:00 2026-04-05T05:15:41.857Z - GET /dev/.env
2026-04-05T01:15:41.868606378-04:00 2026-04-05T05:15:41.868Z - GET /prod/.env
2026-04-05T01:15:41.903972824-04:00 2026-04-05T05:15:41.903Z - GET /new/.env
2026-04-05T01:15:41.910789236-04:00 2026-04-05T05:15:41.910Z - GET /conf/.env
2026-04-05T01:15:41.919295439-04:00 2026-04-05T05:15:41.919Z - GET /www/.env
2026-04-05T01:15:41.931144761-04:00 2026-04-05T05:15:41.930Z - GET /site/.env
2026-04-05T01:15:41.939584513-04:00 2026-04-05T05:15:41.939Z - GET /crm/.env
2026-04-05T01:15:41.943875495-04:00 2026-04-05T05:15:41.943Z - GET /local/.env
2026-04-05T01:15:41.970109093-04:00 2026-04-05T05:15:41.969Z - GET /application/.env
2026-04-05T01:15:41.995763465-04:00 2026-04-05T05:15:41.995Z - GET /development/.env
2026-04-05T01:15:42.008376178-04:00 2026-04-05T05:15:42.008Z - GET /website/.env
2026-04-05T01:15:42.024989963-04:00 2026-04-05T05:15:42.024Z - GET /backup/.env
2026-04-05T01:15:42.028255518-04:00 2026-04-05T05:15:42.028Z - GET /apps/.env
2026-04-05T01:15:42.03779595-04:00 2026-04-05T05:15:42.037Z - GET /old/.env
2026-04-05T01:15:42.067364274-04:00 2026-04-05T05:15:42.067Z - GET /test/.env
2026-04-05T01:15:42.071616097-04:00 2026-04-05T05:15:42.071Z - GET /tests/.env
2026-04-05T01:15:42.111769295-04:00 2026-04-05T05:15:42.111Z - GET /storage/.env
2026-04-05T01:15:42.116649781-04:00 2026-04-05T05:15:42.116Z - GET /rest/.env
2026-04-05T01:15:42.172717426-04:00 2026-04-05T05:15:42.172Z - GET /graphql/.env
2026-04-05T01:15:42.189208847-04:00 2026-04-05T05:15:42.189Z - GET /v1/.env
2026-04-05T01:15:42.203663479-04:00 2026-04-05T05:15:42.203Z - GET /v2/.env
2026-04-05T01:15:42.213579332-04:00 2026-04-05T05:15:42.213Z - GET /mail/.env
2026-04-05T01:15:42.229777962-04:00 2026-04-05T05:15:42.229Z - GET /db/.env
2026-04-05T01:15:42.248425826-04:00 2026-04-05T05:15:42.248Z - GET /database/.env
2026-04-05T01:15:42.250786774-04:00 2026-04-05T05:15:42.250Z - GET /tmp/.env
2026-04-05T01:15:42.25410308-04:00 2026-04-05T05:15:42.253Z - GET /var/.env
2026-04-05T01:15:42.256253604-04:00 2026-04-05T05:15:42.256Z - GET /kyc/.env
2026-04-05T01:15:42.302187137-04:00 2026-04-05T05:15:42.302Z - GET /.vscode/.env
2026-04-05T01:15:42.305851593-04:00 2026-04-05T05:15:42.305Z - GET /
2026-04-05T01:15:42.314005712-04:00 2026-04-05T05:15:42.313Z - GET /node_modules/.env
2026-04-05T01:15:42.330325661-04:00 2026-04-05T05:15:42.330Z - GET /config.env
2026-04-05T01:15:42.339237203-04:00 2026-04-05T05:15:42.339Z - GET /api/config.env
2026-04-05T01:15:42.347162716-04:00 2026-04-05T05:15:42.346Z - GET /api/shared/config.env
2026-04-05T01:15:42.348209194-04:00 2026-04-05T05:15:42.348Z - GET /api/shared/config/config.env
2026-04-05T01:15:42.363778123-04:00 2026-04-05T05:15:42.363Z - GET /config/stripe.env
2026-04-05T01:15:42.374409164-04:00 2026-04-05T05:15:42.374Z - GET /.circleci/stripe.env
2026-04-05T01:15:42.375546741-04:00 2026-04-05T05:15:42.375Z - GET /stripe.env
2026-04-05T01:15:42.473541628-04:00 2026-04-05T05:15:42.473Z - GET /config.js
2026-04-05T01:15:42.497403462-04:00 2026-04-05T05:15:42.496Z - GET /main.js
2026-04-05T01:15:42.508266331-04:00 2026-04-05T05:15:42.508Z - GET /@vite/client
2026-04-05T01:15:42.50997637-04:00 2026-04-05T05:15:42.509Z - GET /env.js
2026-04-05T01:15:42.515253099-04:00 2026-04-05T05:15:42.515Z - GET /app.js
2026-04-05T01:15:42.544968193-04:00 2026-04-05T05:15:42.544Z - GET /env.json
2026-04-05T01:15:42.550911253-04:00 2026-04-05T05:15:42.550Z - GET /constants.js
2026-04-05T01:15:42.553510764-04:00 2026-04-05T05:15:42.553Z - GET /bundle.js
2026-04-05T01:15:42.566314725-04:00 2026-04-05T05:15:42.566Z - GET /index.js
2026-04-05T01:15:42.579760084-04:00 2026-04-05T05:15:42.579Z - GET /.vite/manifest.json
2026-04-05T01:15:42.581625913-04:00 2026-04-05T05:15:42.581Z - GET /manifest.json
2026-04-05T01:15:42.600676061-04:00 2026-04-05T05:15:42.600Z - GET /__env.js
2026-04-05T01:15:42.623605892-04:00 2026-04-05T05:15:42.623Z - GET /asset-manifest.json
2026-04-05T01:15:42.623908189-04:00 2026-04-05T05:15:42.623Z - GET /vendor.js
2026-04-05T01:15:42.689726432-04:00 2026-04-05T05:15:42.689Z - GET /.git/config
2026-04-05T01:15:42.698710899-04:00 2026-04-05T05:15:42.698Z - GET /.git/HEAD
2026-04-05T01:15:42.918943306-04:00 2026-04-05T05:15:42.918Z - GET /js/script.js
2026-04-05T01:15:43.035582133-04:00 2026-04-05T05:15:43.035Z - GET /wp-config
2026-04-05T01:15:43.040965254-04:00 2026-04-05T05:15:43.040Z - GET /wp-config.txt
2026-04-05T01:15:43.06151817-04:00 2026-04-05T05:15:43.061Z - GET /wp-config.old
2026-04-05T01:15:43.073824238-04:00 2026-04-05T05:15:43.073Z - GET /js/script.js
2026-04-05T01:15:43.086582864-04:00 2026-04-05T05:15:43.086Z - GET /wp-content/debug.log
2026-04-05T01:15:43.102772706-04:00 2026-04-05T05:15:43.102Z - GET /wp-json/wc/v3/payment_gateways
2026-04-05T01:15:43.159211662-04:00 2026-04-05T05:15:43.158Z - GET /wp-json/wc/v2/payment_gateways
2026-04-05T01:15:43.175447867-04:00 2026-04-05T05:15:43.175Z - GET /js/script.js
2026-04-05T01:15:43.177285249-04:00 2026-04-05T05:15:43.177Z - GET /js/script.js.map
2026-04-05T01:15:43.236932906-04:00 2026-04-05T05:15:43.236Z - GET /wp-json/wc/v3/settings/checkout
2026-04-05T01:15:43.271596583-04:00 2026-04-05T05:15:43.271Z - GET /js/script.js
2026-04-05T01:15:43.286362198-04:00 2026-04-05T05:15:43.286Z - GET /wp-admin/admin-ajax.php
2026-04-05T01:15:43.293170586-04:00 2026-04-05T05:15:43.293Z - GET /wp-content/uploads/wc-logs/
2026-04-05T01:15:43.303012722-04:00 2026-04-05T05:15:43.302Z - GET /js/script.js.map
2026-04-05T01:15:43.311715918-04:00 2026-04-05T05:15:43.311Z - GET /js/script.js.map
2026-04-05T01:15:43.313726074-04:00 2026-04-05T05:15:43.313Z - GET /stripe.key
2026-04-05T01:15:43.333391509-04:00 2026-04-05T05:15:43.333Z - GET /js/script.js.map
2026-04-05T01:15:43.357983474-04:00 2026-04-05T05:15:43.357Z - GET /js/script.js
2026-04-05T01:15:43.381942523-04:00 2026-04-05T05:15:43.381Z - GET /js/script.js.map
2026-04-05T01:15:43.388117325-04:00 2026-04-05T05:15:43.387Z - GET /js/script.js.map
2026-04-05T01:15:43.407333467-04:00 2026-04-05T05:15:43.407Z - GET /stripe.txt
2026-04-05T01:15:43.422361779-04:00 2026-04-05T05:15:43.422Z - GET /stripe.json
2026-04-05T01:15:43.438328322-04:00 2026-04-05T05:15:43.438Z - GET /js/script.js.map
2026-04-05T01:15:43.438791294-04:00 2026-04-05T05:15:43.438Z - GET /js/script.js.map
2026-04-05T01:15:43.439639106-04:00 2026-04-05T05:15:43.439Z - GET /js/script.js.map
2026-04-05T01:15:43.456290521-04:00 2026-04-05T05:15:43.456Z - GET /stripe.log
2026-04-05T01:15:43.479190922-04:00 2026-04-05T05:15:43.478Z - GET /stripe.conf
2026-04-05T01:15:43.497587105-04:00 2026-04-05T05:15:43.497Z - GET /stripe.ini
2026-04-05T01:15:43.510199359-04:00 2026-04-05T05:15:43.509Z - GET /stripe.bak
2026-04-05T01:15:43.528090484-04:00 2026-04-05T05:15:43.527Z - GET /stripe.old
2026-04-05T01:15:43.589006023-04:00 2026-04-05T05:15:43.588Z - GET /stripe.save
2026-04-05T01:15:43.61137032-04:00 2026-04-05T05:15:43.611Z - GET /stripe.backup
2026-04-05T01:15:43.621579444-04:00 2026-04-05T05:15:43.621Z - GET /stripe_keys.json
2026-04-05T01:15:43.6383126-04:00 2026-04-05T05:15:43.638Z - GET /js/script.js.map
2026-04-05T01:15:43.638701295-04:00 2026-04-05T05:15:43.638Z - GET /js/script.js.map
2026-04-05T01:15:43.695789418-04:00 2026-04-05T05:15:43.695Z - GET /stripe_secret.json
2026-04-05T01:15:43.699994269-04:00 2026-04-05T05:15:43.699Z - GET /stripe_config.json
2026-04-05T01:15:43.716855942-04:00 2026-04-05T05:15:43.716Z - GET /config/stripe.json
2026-04-05T01:15:43.718765551-04:00 2026-04-05T05:15:43.718Z - GET /js/script.js.map
2026-04-05T01:15:43.725957151-04:00 2026-04-05T05:15:43.725Z - GET /config/stripe.yaml
2026-04-05T01:15:43.726102806-04:00 2026-04-05T05:15:43.726Z - GET /config/stripe.yml
2026-04-05T01:15:43.751494311-04:00 2026-04-05T05:15:43.751Z - GET /config/stripe.ts
2026-04-05T01:15:43.78028894-04:00 2026-04-05T05:15:43.780Z - GET /api/stripe.ts
2026-04-05T01:15:43.799342034-04:00 2026-04-05T05:15:43.799Z - GET /secrets/stripe.json
2026-04-05T01:15:43.801183788-04:00 2026-04-05T05:15:43.801Z - GET /backup/stripe.json
2026-04-05T01:15:43.801876534-04:00 2026-04-05T05:15:43.801Z - GET /storage/stripe.json
2026-04-05T01:15:43.814541798-04:00 2026-04-05T05:15:43.814Z - GET /js/script.js.map
2026-04-05T01:15:43.828880908-04:00 2026-04-05T05:15:43.828Z - GET /storage/stripe.keys
2026-04-05T01:15:43.837333659-04:00 2026-04-05T05:15:43.837Z - GET /storage/app/stripe.json
2026-04-05T01:15:43.852180215-04:00 2026-04-05T05:15:43.852Z - GET /storage/keys/stripe.json
2026-04-05T01:15:43.909517978-04:00 2026-04-05T05:15:43.909Z - GET /storage/secrets/stripe.json
2026-04-05T01:15:43.914881131-04:00 2026-04-05T05:15:43.914Z - GET /settings/stripe.py
2026-04-05T01:15:43.929868382-04:00 2026-04-05T05:15:43.929Z - GET /config/initializers/stripe.rb
2026-04-05T01:15:43.954686846-04:00 2026-04-05T05:15:43.954Z - GET /app/config/stripe.yml
2026-04-05T01:15:43.969789299-04:00 2026-04-05T05:15:43.969Z - GET /config/payment.yml
2026-04-05T01:15:43.974402265-04:00 2026-04-05T05:15:43.974Z - GET /api/config
2026-04-05T01:15:43.980183347-04:00 2026-04-05T05:15:43.980Z - GET /js/script.js
2026-04-05T01:15:44.066806433-04:00 2026-04-05T05:15:44.066Z - GET /api/v1/config
2026-04-05T01:15:44.083255828-04:00 2026-04-05T05:15:44.083Z - GET /api/settings
2026-04-05T01:15:44.094874304-04:00 2026-04-05T05:15:44.094Z - GET /api/v1/settings
2026-04-05T01:15:44.118982544-04:00 2026-04-05T05:15:44.118Z - GET /js/script.js
2026-04-05T01:15:44.119206444-04:00 2026-04-05T05:15:44.119Z - GET /api/stripe/config
2026-04-05T01:15:44.119433588-04:00 2026-04-05T05:15:44.119Z - GET /api/payment/config
2026-04-05T01:15:44.120516157-04:00 2026-04-05T05:15:44.120Z - GET /admin/config
2026-04-05T01:15:44.140258933-04:00 2026-04-05T05:15:44.140Z - GET /admin/settings
2026-04-05T01:15:44.156908656-04:00 2026-04-05T05:15:44.156Z - GET /credentials.json
2026-04-05T01:15:44.229232361-04:00 2026-04-05T05:15:44.229Z - GET /js/script.js
2026-04-05T01:15:44.244319732-04:00 2026-04-05T05:15:44.244Z - GET /credentials.txt
2026-04-05T01:15:44.24961338-04:00 2026-04-05T05:15:44.249Z - GET /secrets.json
2026-04-05T01:15:44.262066438-04:00 2026-04-05T05:15:44.261Z - GET /secrets.yml
2026-04-05T01:15:44.264813538-04:00 2026-04-05T05:15:44.264Z - GET /secrets.yaml
2026-04-05T01:15:44.268435134-04:00 2026-04-05T05:15:44.268Z - GET /.vscode/sftp.json
2026-04-05T01:15:44.276489634-04:00 2026-04-05T05:15:44.276Z - GET /docker-compose.yml
2026-04-05T01:15:44.279182871-04:00 2026-04-05T05:15:44.279Z - GET /appsettings.json
2026-04-05T01:15:44.282217331-04:00 2026-04-05T05:15:44.282Z - GET /config/secrets.yml
2026-04-05T01:15:44.306516705-04:00 2026-04-05T05:15:44.306Z - GET /config/credentials.yml
2026-04-05T01:15:44.3357897-04:00 2026-04-05T05:15:44.335Z - GET /config/settings.json
2026-04-05T01:15:44.345877939-04:00 2026-04-05T05:15:44.345Z - GET /config/config.json
2026-04-05T01:15:44.353203239-04:00 2026-04-05T05:15:44.352Z - GET /webhooks/settings.json
2026-04-05T01:15:44.361576453-04:00 2026-04-05T05:15:44.361Z - GET /instance/config.py
2026-04-05T01:15:44.370906538-04:00 2026-04-05T05:15:44.370Z - GET /swagger.json
2026-04-05T01:15:44.372113767-04:00 2026-04-05T05:15:44.371Z - GET /app/config/parameters.yml
2026-04-05T01:15:44.373931434-04:00 2026-04-05T05:15:44.373Z - GET /config/parameters.yml
2026-04-05T01:15:44.433445258-04:00 2026-04-05T05:15:44.433Z - GET /config/application.yml
2026-04-05T01:15:44.448489951-04:00 2026-04-05T05:15:44.448Z - GET /js/script.js.map
2026-04-05T01:15:44.490099962-04:00 2026-04-05T05:15:44.489Z - GET /application.properties
2026-04-05T01:15:44.491926421-04:00 2026-04-05T05:15:44.491Z - GET /application.yml
2026-04-05T01:15:44.496821845-04:00 2026-04-05T05:15:44.496Z - GET /parameters.yml
2026-04-05T01:15:44.511411303-04:00 2026-04-05T05:15:44.511Z - GET /settings.py
2026-04-05T01:15:44.563953663-04:00 2026-04-05T05:15:44.563Z - GET /js/script.js.map
2026-04-05T01:15:44.584397352-04:00 2026-04-05T05:15:44.584Z - GET /js/script.js
2026-04-05T01:15:44.586230504-04:00 2026-04-05T05:15:44.586Z - GET /js/script.js.map
2026-04-05T01:15:44.597941796-04:00 2026-04-05T05:15:44.597Z - GET /config.yml
2026-04-05T01:15:44.614821006-04:00 2026-04-05T05:15:44.614Z - GET /config.inc
2026-04-05T01:15:44.684106959-04:00 2026-04-05T05:15:44.683Z - GET /config/database.yml
2026-04-05T01:15:44.686604234-04:00 2026-04-05T05:15:44.686Z - GET /backend/config/default.yml
2026-04-05T01:15:44.735936826-04:00 2026-04-05T05:15:44.735Z - GET /backend/config/settings.yml
2026-04-05T01:15:44.736995401-04:00 2026-04-05T05:15:44.736Z - GET /serverless.yml
2026-04-05T01:15:44.7539461-04:00 2026-04-05T05:15:44.753Z - GET /.aws/credentials
2026-04-05T01:15:44.760790829-04:00 2026-04-05T05:15:44.760Z - GET /aws/credentials
2026-04-05T01:15:44.773213457-04:00 2026-04-05T05:15:44.773Z - GET /.aws/config
2026-04-05T01:15:44.775918366-04:00 2026-04-05T05:15:44.775Z - GET /aws-secret.yaml
2026-04-05T01:15:44.79438735-04:00 2026-04-05T05:15:44.794Z - GET /.travis.yml
2026-04-05T01:15:44.842502776-04:00 2026-04-05T05:15:44.842Z - GET /.bitbucket/pipelines.yml
2026-04-05T01:15:44.843696345-04:00 2026-04-05T05:15:44.843Z - GET /.circleci/config.yml
2026-04-05T01:15:44.874921977-04:00 2026-04-05T05:15:44.874Z - GET /info.php
2026-04-05T01:15:44.877298075-04:00 2026-04-05T05:15:44.877Z - GET /test.php
2026-04-05T01:15:44.883013918-04:00 2026-04-05T05:15:44.882Z - GET /phpinfo
2026-04-05T01:15:44.883374269-04:00 2026-04-05T05:15:44.883Z - GET /phpinfo.php
2026-04-05T01:15:44.8937973-04:00 2026-04-05T05:15:44.893Z - GET /_profiler/phpinfo
2026-04-05T01:15:44.928691932-04:00 2026-04-05T05:15:44.928Z - GET /app_dev.php/_profiler/phpinfo
2026-04-05T01:15:44.940788411-04:00 2026-04-05T05:15:44.940Z - GET /_profiler/latest
2026-04-05T01:15:44.986163738-04:00 2026-04-05T05:15:44.985Z - GET /horizon/api/stats
2026-04-05T01:15:44.992570751-04:00 2026-04-05T05:15:44.992Z - GET /manage/env
2026-04-05T01:15:45.022739792-04:00 2026-04-05T05:15:45.022Z - GET /js/script.js.map
2026-04-05T01:15:45.033147669-04:00 2026-04-05T05:15:45.032Z - GET /debug/default/view
2026-04-05T01:15:45.036903312-04:00 2026-04-05T05:15:45.036Z - GET /server-info
2026-04-05T01:15:45.086212801-04:00 2026-04-05T05:15:45.085Z - GET /debug.log
2026-04-05T01:15:45.171228879-04:00 2026-04-05T05:15:45.170Z - GET /error.log
2026-04-05T01:15:45.192053443-04:00 2026-04-05T05:15:45.191Z - GET /storage/logs/laravel.log
2026-04-05T01:15:45.280039885-04:00 2026-04-05T05:15:45.279Z - GET /storage/logs/stripe.log
2026-04-05T01:15:45.298539389-04:00 2026-04-05T05:15:45.298Z - GET /storage/logs/payments.log
2026-04-05T01:15:45.332847217-04:00 2026-04-05T05:15:45.332Z - GET /
2026-04-05T01:15:48.788751606-04:00 2026-04-05T05:15:48.788Z - GET /css/style.css%3Fv%3D1.5
2026-04-05T01:15:49.175697154-04:00 2026-04-05T05:15:49.175Z - GET /js/script.js
2026-04-05T01:15:49.177596248-04:00 2026-04-05T05:15:49.177Z - GET /%23hero
2026-04-05T01:15:49.249034372-04:00 2026-04-05T05:15:49.248Z - GET /%23services
2026-04-05T01:15:49.260259827-04:00 2026-04-05T05:15:49.259Z - GET /%23contact
2026-04-05T01:15:49.267462401-04:00 2026-04-05T05:15:49.267Z - GET /https%3A/linkedin.com/company/yggdra-tech
2026-04-05T01:15:49.329189088-04:00 2026-04-05T05:15:49.328Z - GET /https%3A/www.instagram.com/yggdra_tech/%3Figsh%3DMWl5czBjenp1cTgxeA%3D%3D%26utm_source%3Dqr%23
2026-04-05T01:15:49.421480561-04:00 2026-04-05T05:15:49.421Z - GET /https%3A/t.me/yggdra_tech
2026-04-05T01:15:49.632165344-04:00 2026-04-05T05:15:49.631Z - GET /https%3A/fonts.googleapis.com/css2%3Ffamily%3DPoppins%3Awght%40400%3B600%3B700%26display%3Dswap
2026-04-05T01:15:53.2264343-04:00 2026-04-05T05:15:53.226Z - GET /css/https%3A/fonts.googleapis.com/css2%3Ffamily%3DPoppins%3Awght%40400%3B600%3B700%26display%3Dswap
2026-04-05T01:15:53.409014281-04:00 2026-04-05T05:15:53.408Z - GET /css/%23services
2026-04-05T01:15:53.814189165-04:00 2026-04-05T05:15:53.813Z - GET /css/https%3A/www.instagram.com/yggdra_tech/%3Figsh%3DMWl5czBjenp1cTgxeA%3D%3D%26utm_source%3Dqr%23
2026-04-05T01:15:53.982328961-04:00 2026-04-05T05:15:53.982Z - GET /css/%23hero
2026-04-05T01:15:54.118526428-04:00 2026-04-05T05:15:54.118Z - GET /css/%23contact
2026-04-05T01:15:54.320322382-04:00 2026-04-05T05:15:54.320Z - GET /css/https%3A/t.me/yggdra_tech
2026-04-05T01:15:54.600838418-04:00 2026-04-05T05:15:54.600Z - GET /https%3A/linkedin.com/company/%23hero
2026-04-05T01:15:54.638607347-04:00 2026-04-05T05:15:54.638Z - GET /https%3A/linkedin.com/company/%23contact
2026-04-05T01:15:54.703278966-04:00 2026-04-05T05:15:54.702Z - GET /https%3A/linkedin.com/company/https%3A/linkedin.com/company/yggdra-tech
2026-04-05T01:15:54.798326871-04:00 2026-04-05T05:15:54.798Z - GET /https%3A/linkedin.com/company/https%3A/t.me/yggdra_tech
2026-04-05T01:15:54.949993909-04:00 2026-04-05T05:15:54.949Z - GET /https%3A/www.instagram.com/yggdra_tech/https%3A/fonts.googleapis.com/css2%3Ffamily%3DPoppins%3Awght%40400%3B600%3B700%26display%3Dswap
2026-04-05T01:15:55.209369724-04:00 2026-04-05T05:15:55.209Z - GET /https%3A/www.instagram.com/yggdra_tech/%23services
2026-04-05T01:15:55.603989644-04:00 2026-04-05T05:15:55.603Z - GET /https%3A/www.instagram.com/yggdra_tech/https%3A/www.instagram.com/yggdra_tech/%3Figsh%3DMWl5czBjenp1cTgxeA%3D%3D%26utm_source%3Dqr%23
2026-04-05T01:15:55.670572004-04:00 2026-04-05T05:15:55.670Z - GET /css/https%3A/linkedin.com/company/yggdra-tech
2026-04-05T01:15:55.933275937-04:00 2026-04-05T05:15:55.933Z - GET /https%3A/linkedin.com/company/https%3A/fonts.googleapis.com/css2%3Ffamily%3DPoppins%3Awght%40400%3B600%3B700%26display%3Dswap
2026-04-05T01:15:56.128896358-04:00 2026-04-05T05:15:56.128Z - GET /https%3A/linkedin.com/company/https%3A/www.instagram.com/yggdra_tech/%3Figsh%3DMWl5czBjenp1cTgxeA%3D%3D%26utm_source%3Dqr%23
2026-04-05T01:15:56.225012712-04:00 2026-04-05T05:15:56.224Z - GET /https%3A/www.instagram.com/yggdra_tech/%23hero
2026-04-05T01:15:56.298792018-04:00 2026-04-05T05:15:56.298Z - GET /https%3A/www.instagram.com/yggdra_tech/%23contact
2026-04-05T01:15:56.376840649-04:00 2026-04-05T05:15:56.376Z - GET /https%3A/www.instagram.com/yggdra_tech/https%3A/linkedin.com/company/yggdra-tech
2026-04-05T01:15:56.487707623-04:00 2026-04-05T05:15:56.487Z - GET /https%3A/www.instagram.com/yggdra_tech/https%3A/t.me/yggdra_tech
2026-04-05T01:15:57.274782359-04:00 2026-04-05T05:15:57.274Z - GET /https%3A/linkedin.com/company/%23services
2026-04-05T01:16:59.954253656-04:00 2026-04-05T05:16:59.954Z - GET /
2026-04-05T01:17:00.142209417-04:00 2026-04-05T05:17:00.141Z - GET /favicon.ico
2026-04-05T02:15:42.287112692-04:00 2026-04-05T06:15:42.286Z - GET /
2026-04-05T02:15:51.029840302-04:00 2026-04-05T06:15:51.029Z - GET /robots.txt
2026-04-05T03:01:15.542650121-04:00 2026-04-05T07:01:15.542Z - GET /
2026-04-05T03:30:10.91453664-04:00 2026-04-05T07:30:10.914Z - GET /robots.txt
2026-04-05T05:21:50.097392731-04:00 2026-04-05T09:21:50.097Z - GET /robots.txt
2026-04-05T07:16:10.161055836-04:00 2026-04-05T11:16:10.160Z - GET /robots.txt
2026-04-05T07:24:32.036403632-04:00 2026-04-05T11:24:32.036Z - GET /
2026-04-05T08:48:31.132319369-04:00 2026-04-05T12:48:31.132Z - GET /robots.txt
2026-04-05T08:49:06.575459915-04:00 2026-04-05T12:49:06.575Z - GET /
2026-04-05T09:34:20.518963063-04:00 2026-04-05T13:34:20.518Z - GET /robots.txt
2026-04-05T09:51:11.522010032-04:00 2026-04-05T13:51:11.521Z - GET /robots.txt
2026-04-05T10:56:22.995718153-04:00 2026-04-05T14:56:22.995Z - GET /
2026-04-05T11:07:50.129740413-04:00 2026-04-05T15:07:50.129Z - GET /robots.txt
2026-04-05T11:34:40.935922231-04:00 2026-04-05T15:34:40.935Z - GET /
2026-04-05T12:16:37.119957304-04:00 2026-04-05T16:16:37.119Z - GET /robots.txt
2026-04-05T13:31:27.508791242-04:00 2026-04-05T17:31:27.508Z - GET /robots.txt
2026-04-05T13:55:02.818898231-04:00 2026-04-05T17:55:02.818Z - GET /
2026-04-05T14:38:07.468519372-04:00 2026-04-05T18:38:07.468Z - GET /robots.txt
2026-04-05T16:25:43.026029049-04:00 2026-04-05T20:25:43.025Z - GET /robots.txt
2026-04-05T17:21:56.906720757-04:00 2026-04-05T21:21:56.906Z - GET /robots.txt
2026-04-05T17:37:23.201371576-04:00 2026-04-05T21:37:23.201Z - GET /robots.txt
2026-04-05T18:46:54.993096627-04:00 2026-04-05T22:46:54.992Z - GET /robots.txt
2026-04-05T20:27:42.498834652-04:00 2026-04-06T00:27:42.498Z - GET /robots.txt
2026-04-05T21:38:03.17523484-04:00 2026-04-06T01:38:03.174Z - GET /robots.txt
2026-04-05T22:11:18.435169703-04:00 2026-04-06T02:11:18.434Z - GET /
2026-04-05T22:33:56.998277247-04:00 2026-04-06T02:33:56.998Z - GET /
2026-04-05T22:34:24.509725632-04:00 2026-04-06T02:34:24.509Z - GET /
2026-04-05T22:34:24.684100466-04:00 2026-04-06T02:34:24.683Z - GET /img/YggdraTech.jpeg
2026-04-05T22:34:24.687283287-04:00 2026-04-06T02:34:24.687Z - GET /css/style.css?v=1.5
2026-04-05T22:34:24.691390571-04:00 2026-04-06T02:34:24.691Z - GET /js/script.js
2026-04-05T22:34:24.870499097-04:00 2026-04-06T02:34:24.870Z - GET /img/banner.jpg
2026-04-05T22:41:34.146421255-04:00 2026-04-06T02:41:34.146Z - GET /robots.txt
2026-04-06T00:06:00.674567147-04:00 2026-04-06T04:06:00.674Z - GET /
2026-04-06T00:17:20.181379031-04:00 2026-04-06T04:17:20.181Z - GET /robots.txt
2026-04-06T01:19:57.430086598-04:00 2026-04-06T05:19:57.429Z - GET /robots.txt
2026-04-06T02:37:27.473091059-04:00 2026-04-06T06:37:27.472Z - GET /robots.txt
2026-04-06T03:58:38.833649743-04:00 2026-04-06T07:58:38.833Z - GET /robots.txt
2026-04-06T04:24:42.783298371-04:00 2026-04-06T08:24:42.783Z - GET /
2026-04-06T04:24:43.389075103-04:00 2026-04-06T08:24:43.388Z - GET /favicon.ico
2026-04-06T05:10:17.476202563-04:00 2026-04-06T09:10:17.475Z - GET /.git/HEAD
2026-04-06T05:10:17.476400363-04:00 2026-04-06T09:10:17.476Z - GET /.env
2026-04-06T05:24:32.308320071-04:00 2026-04-06T09:24:32.308Z - GET /wp-login.php
2026-04-06T07:27:04.961532262-04:00 2026-04-06T11:27:04.961Z - GET /robots.txt
2026-04-06T08:27:29.832081814-04:00 2026-04-06T12:27:29.831Z - GET /
2026-04-06T08:27:29.83659803-04:00 2026-04-06T12:27:29.836Z - GET /apple-touch-icon-precomposed.png
2026-04-06T08:27:29.839543438-04:00 2026-04-06T12:27:29.839Z - GET /favicon.ico
2026-04-06T08:27:29.842990176-04:00 2026-04-06T12:27:29.842Z - GET /apple-touch-icon.png
2026-04-06T08:31:30.105974508-04:00 2026-04-06T12:31:30.105Z - GET /robots.txt
2026-04-06T10:14:59.056228086-04:00 2026-04-06T14:14:59.056Z - GET /
2026-04-06T10:18:18.191335548-04:00 2026-04-06T14:18:18.191Z - GET /robots.txt
2026-04-06T10:48:59.315197866-04:00 2026-04-06T14:48:59.314Z - GET /
2026-04-06T11:30:55.856773544-04:00 2026-04-06T15:30:55.856Z - GET /robots.txt
2026-04-06T12:33:50.611624586-04:00 2026-04-06T16:33:50.611Z - GET /robots.txt
2026-04-06T13:13:49.203095483-04:00 2026-04-06T17:13:49.200Z - GET /robots.txt
2026-04-06T13:46:57.931176579-04:00 2026-04-06T17:46:57.930Z - GET /
2026-04-06T13:48:14.183857857-04:00 2026-04-06T17:48:14.183Z - GET /.env
2026-04-06T13:48:14.192439206-04:00 2026-04-06T17:48:14.192Z - GET /kubernetes/secrets.env
2026-04-06T13:48:14.194082729-04:00 2026-04-06T17:48:14.193Z - GET /secrets/.env
2026-04-06T13:48:14.19769401-04:00 2026-04-06T17:48:14.197Z - GET /docker/.env
2026-04-06T13:48:14.199984913-04:00 2026-04-06T17:48:14.199Z - GET /.env.production
2026-04-06T13:48:14.204191435-04:00 2026-04-06T17:48:14.204Z - GET /config/.env.production
2026-04-06T13:48:14.430252094-04:00 2026-04-06T17:48:14.430Z - GET /.github/workflows/secrets.env
2026-04-06T13:48:17.286898202-04:00 2026-04-06T17:48:17.286Z - GET /production/.env
2026-04-06T13:51:34.42339205-04:00 2026-04-06T17:51:34.423Z - GET /robots.txt
2026-04-06T14:58:39.733522219-04:00 2026-04-06T18:58:39.733Z - GET /robots.txt
2026-04-06T15:20:31.454772821-04:00 2026-04-06T19:20:31.454Z - GET /
2026-04-06T15:20:31.745859068-04:00 2026-04-06T19:20:31.745Z - GET /css/style.css?v=1.5
2026-04-06T15:20:31.747856454-04:00 2026-04-06T19:20:31.747Z - GET /img/YggdraTech.jpeg
2026-04-06T15:20:31.750445904-04:00 2026-04-06T19:20:31.750Z - GET /js/script.js
2026-04-06T15:20:32.023260591-04:00 2026-04-06T19:20:32.022Z - GET /img/banner.jpg
2026-04-06T15:20:32.364801977-04:00 2026-04-06T19:20:32.364Z - GET /favicon.ico
2026-04-06T15:21:12.22530131-04:00 2026-04-06T19:21:12.225Z - POST /api/chat
2026-04-06T15:21:22.475378942-04:00 2026-04-06T19:21:22.475Z - POST /api/chat
2026-04-06T15:21:29.24690155-04:00 2026-04-06T19:21:29.246Z - POST /api/chat
2026-04-06T15:21:36.851468664-04:00 2026-04-06T19:21:36.851Z - POST /api/chat
2026-04-06T15:26:04.600482586-04:00 2026-04-06T19:26:04.600Z - GET /
2026-04-06T16:34:01.672745922-04:00 2026-04-06T20:34:01.672Z - GET /robots.txt
2026-04-06T17:29:15.309196609-04:00 2026-04-06T21:29:15.308Z - GET /
2026-04-06T17:44:55.031346217-04:00 2026-04-06T21:44:55.030Z - HEAD /sitemap.xml
2026-04-06T17:44:55.03946466-04:00 2026-04-06T21:44:55.039Z - GET /
2026-04-06T17:44:55.059156846-04:00 2026-04-06T21:44:55.058Z - GET /robots.txt
2026-04-06T17:44:55.483954022-04:00 2026-04-06T21:44:55.483Z - GET /
2026-04-06T17:47:29.330086635-04:00 2026-04-06T21:47:29.329Z - GET /robots.txt
2026-04-06T18:10:33.789316954-04:00 2026-04-06T22:10:33.789Z - GET /
2026-04-06T18:10:34.118797706-04:00 2026-04-06T22:10:34.118Z - GET /css/style.css?v=1.5
2026-04-06T18:10:34.326803236-04:00 2026-04-06T22:10:34.326Z - GET /js/script.js
2026-04-06T18:10:34.419933646-04:00 2026-04-06T22:10:34.419Z - GET /img/YggdraTech.jpeg
2026-04-06T18:10:37.527773007-04:00 2026-04-06T22:10:37.527Z - GET /img/banner.jpg
2026-04-06T18:11:09.932463957-04:00 2026-04-06T22:11:09.932Z - GET /favicon.ico
2026-04-06T18:11:10.787857438-04:00 2026-04-06T22:11:10.787Z - GET /apple-touch-icon.png
2026-04-06T18:23:54.622589088-04:00 2026-04-06T22:23:54.622Z - GET /.env
2026-04-06T19:06:09.356521852-04:00 2026-04-06T23:06:09.356Z - GET /favicon.ico
2026-04-06T19:13:45.637985786-04:00 2026-04-06T23:13:45.637Z - GET /
2026-04-06T19:13:56.516481525-04:00 2026-04-06T23:13:56.516Z - GET //static.cloudflareinsights.com/beacon.min.js
2026-04-06T19:13:56.684904604-04:00 2026-04-06T23:13:56.684Z - GET /js/script.js
2026-04-06T19:22:21.38810996-04:00 2026-04-06T23:22:21.387Z - GET /robots.txt
2026-04-06T19:25:13.002514168-04:00 2026-04-06T23:25:13.002Z - GET /
2026-04-06T19:25:13.420293683-04:00 2026-04-06T23:25:13.420Z - GET /img/YggdraTech.jpeg
2026-04-06T19:25:13.422806176-04:00 2026-04-06T23:25:13.422Z - GET /css/style.css?v=1.5
2026-04-06T19:25:13.427431671-04:00 2026-04-06T23:25:13.427Z - GET /js/script.js
2026-04-06T19:25:17.572947278-04:00 2026-04-06T23:25:17.572Z - GET /img/banner.jpg
2026-04-06T19:25:48.570164006-04:00 2026-04-06T23:25:48.569Z - GET /favicon.ico
2026-04-06T20:26:11.467976702-04:00 2026-04-07T00:26:11.467Z - GET /robots.txt
2026-04-06T21:21:22.078540958-04:00 2026-04-07T01:21:22.078Z - POST /
2026-04-06T21:21:22.167402071-04:00 2026-04-07T01:21:22.167Z - POST /index.php
2026-04-06T21:21:22.251943875-04:00 2026-04-07T01:21:22.251Z - POST /admin
2026-04-06T21:21:22.336934857-04:00 2026-04-07T01:21:22.336Z - POST /api
2026-04-06T21:41:54.703645578-04:00 2026-04-07T01:41:54.703Z - GET /robots.txt
2026-04-06T22:05:12.757503253-04:00 2026-04-07T02:05:12.757Z - GET /
2026-04-06T23:32:09.093226624-04:00 2026-04-07T03:32:09.092Z - GET /robots.txt
2026-04-06T23:38:39.315103005-04:00 2026-04-07T03:38:39.314Z - GET /
2026-04-06T23:38:39.678598852-04:00 2026-04-07T03:38:39.678Z - GET /img/YggdraTech.jpeg
2026-04-06T23:38:42.229987894-04:00 2026-04-07T03:38:42.229Z - GET /js/script.js
2026-04-06T23:38:44.817992699-04:00 2026-04-07T03:38:44.817Z - GET /css/style.css?v=1.5
2026-04-07T00:30:13.188226309-04:00 2026-04-07T04:30:13.187Z - GET /.git/config
2026-04-07T00:37:03.207932677-04:00 2026-04-07T04:37:03.207Z - GET /robots.txt
2026-04-07T01:04:30.770211656-04:00 2026-04-07T05:04:30.769Z - GET /
2026-04-07T01:04:30.866961733-04:00 2026-04-07T05:04:30.866Z - GET /.env
2026-04-07T01:04:30.964539651-04:00 2026-04-07T05:04:30.964Z - GET /.env.bak
2026-04-07T01:04:31.064212989-04:00 2026-04-07T05:04:31.064Z - GET /.env.save
2026-04-07T01:04:31.162906648-04:00 2026-04-07T05:04:31.162Z - GET /.env.backup
2026-04-07T01:04:31.262986819-04:00 2026-04-07T05:04:31.262Z - GET /backend/.env
2026-04-07T01:04:31.362203772-04:00 2026-04-07T05:04:31.361Z - GET /admin/.env
2026-04-07T01:04:31.461363672-04:00 2026-04-07T05:04:31.461Z - GET /.git/config
2026-04-07T01:04:31.656815027-04:00 2026-04-07T05:04:31.656Z - GET /config.js
2026-04-07T01:04:31.848081487-04:00 2026-04-07T05:04:31.847Z - GET /aws-config.js
2026-04-07T01:04:32.045972105-04:00 2026-04-07T05:04:32.045Z - GET /aws.config.js
2026-04-07T01:04:32.147380578-04:00 2026-04-07T05:04:32.147Z - GET /_debugbar/
2026-04-07T01:04:32.252897491-04:00 2026-04-07T05:04:32.247Z - GET /debugbar/
2026-04-07T01:04:32.353995686-04:00 2026-04-07T05:04:32.353Z - GET /debug/
2026-04-07T01:04:32.454150192-04:00 2026-04-07T05:04:32.453Z - GET /phpinfo.php
2026-04-07T01:04:32.552784273-04:00 2026-04-07T05:04:32.552Z - GET /info.php
2026-04-07T01:04:32.65125841-04:00 2026-04-07T05:04:32.651Z - GET /test.php
2026-04-07T01:04:32.749946043-04:00 2026-04-07T05:04:32.749Z - GET /.aws/credentials
2026-04-07T01:04:32.850967391-04:00 2026-04-07T05:04:32.850Z - GET /.aws/config
2026-04-07T01:04:32.949609529-04:00 2026-04-07T05:04:32.949Z - GET /aws-credentials
2026-04-07T01:04:33.049367898-04:00 2026-04-07T05:04:33.049Z - GET /aws.json
2026-04-07T01:04:33.148828457-04:00 2026-04-07T05:04:33.148Z - GET /.s3cfg
2026-04-07T01:04:33.733953373-04:00 2026-04-07T05:04:33.733Z - GET /js/script.js
2026-04-07T01:56:06.632808203-04:00 2026-04-07T05:56:06.632Z - GET /robots.txt
2026-04-07T03:34:22.404040643-04:00 2026-04-07T07:34:22.403Z - GET /robots.txt
2026-04-07T05:30:02.020609857-04:00 2026-04-07T09:30:02.020Z - GET /
2026-04-07T06:27:53.769281056-04:00 2026-04-07T10:27:53.768Z - GET /robots.txt
2026-04-07T07:03:24.316523079-04:00 2026-04-07T11:03:24.316Z - GET /
2026-04-07T07:03:24.523356785-04:00 2026-04-07T11:03:24.523Z - POST /
2026-04-07T07:03:24.624255079-04:00 2026-04-07T11:03:24.623Z - GET /.env
2026-04-07T07:03:24.725288772-04:00 2026-04-07T11:03:24.725Z - GET /.env.local
2026-04-07T07:03:24.83130606-04:00 2026-04-07T11:03:24.831Z - GET /.env.production
2026-04-07T07:03:24.93636918-04:00 2026-04-07T11:03:24.936Z - GET /.env.staging
2026-04-07T07:03:25.041324587-04:00 2026-04-07T11:03:25.041Z - GET /.env.development
2026-04-07T07:03:25.15543548-04:00 2026-04-07T11:03:25.155Z - GET /.env.test
2026-04-07T07:03:25.260819722-04:00 2026-04-07T11:03:25.260Z - GET /.env.remote
2026-04-07T07:03:25.36574379-04:00 2026-04-07T11:03:25.365Z - GET /.env.bak
2026-04-07T07:03:25.475103681-04:00 2026-04-07T11:03:25.474Z - GET /.env.backup
2026-04-07T07:03:25.581021025-04:00 2026-04-07T11:03:25.580Z - GET /.env.save
2026-04-07T07:03:25.696229527-04:00 2026-04-07T11:03:25.695Z - GET /.env.old
2026-04-07T07:03:25.802330209-04:00 2026-04-07T11:03:25.802Z - GET /.env.sample
2026-04-07T07:03:25.908521955-04:00 2026-04-07T11:03:25.908Z - GET /.env.example
2026-04-07T07:03:26.016651247-04:00 2026-04-07T11:03:26.016Z - GET /.env.dev
2026-04-07T07:03:26.122698773-04:00 2026-04-07T11:03:26.122Z - GET /.env.prod
2026-04-07T07:03:26.227850229-04:00 2026-04-07T11:03:26.227Z - GET /.env.stage
2026-04-07T07:03:26.336034957-04:00 2026-04-07T11:03:26.335Z - GET /.env.ci
2026-04-07T07:03:26.442101753-04:00 2026-04-07T11:03:26.441Z - GET /.env.docker
2026-04-07T07:03:26.547703963-04:00 2026-04-07T11:03:26.547Z - GET /.env.live
2026-04-07T07:03:26.656920321-04:00 2026-04-07T11:03:26.656Z - GET /.env.preprod
2026-04-07T07:03:26.763139556-04:00 2026-04-07T11:03:26.762Z - GET /.env.uat
2026-04-07T07:03:26.869769182-04:00 2026-04-07T11:03:26.869Z - GET /.env.dist
2026-04-07T07:03:26.976542114-04:00 2026-04-07T11:03:26.976Z - GET /.env.swp
2026-04-07T07:03:27.082132907-04:00 2026-04-07T11:03:27.081Z - GET /.env~
2026-04-07T07:03:27.187589067-04:00 2026-04-07T11:03:27.187Z - GET /app/.env
2026-04-07T07:03:27.293325045-04:00 2026-04-07T11:03:27.293Z - GET /apps/.env
2026-04-07T07:03:27.398602491-04:00 2026-04-07T11:03:27.398Z - GET /api/.env
2026-04-07T07:03:27.512350967-04:00 2026-04-07T11:03:27.512Z - GET /web/.env
2026-04-07T07:03:27.618544993-04:00 2026-04-07T11:03:27.618Z - GET /site/.env
2026-04-07T07:03:27.723532697-04:00 2026-04-07T11:03:27.723Z - GET /public/.env
2026-04-07T07:03:27.828149861-04:00 2026-04-07T11:03:27.827Z - GET /admin/.env
2026-04-07T07:03:27.932787154-04:00 2026-04-07T11:03:27.932Z - GET /backend/.env
2026-04-07T07:03:28.03824466-04:00 2026-04-07T11:03:28.038Z - GET /server/.env
2026-04-07T07:03:28.143321543-04:00 2026-04-07T11:03:28.143Z - GET /frontend/.env
2026-04-07T07:03:28.251629646-04:00 2026-04-07T11:03:28.251Z - GET /src/.env
2026-04-07T07:03:28.35788708-04:00 2026-04-07T11:03:28.357Z - GET /core/.env
2026-04-07T07:03:28.462824076-04:00 2026-04-07T11:03:28.462Z - GET /core/app/.env
2026-04-07T07:03:28.581849944-04:00 2026-04-07T11:03:28.581Z - GET /core/Database/.env
2026-04-07T07:03:28.687254075-04:00 2026-04-07T11:03:28.686Z - GET /config/.env
2026-04-07T07:03:28.797035924-04:00 2026-04-07T11:03:28.796Z - GET /private/.env
2026-04-07T07:03:28.912047129-04:00 2026-04-07T11:03:28.911Z - GET /current/.env
2026-04-07T07:03:29.019859747-04:00 2026-04-07T11:03:29.019Z - GET /release/.env
2026-04-07T07:03:29.125578148-04:00 2026-04-07T11:03:29.125Z - GET /releases/.env
2026-04-07T07:03:29.232108453-04:00 2026-04-07T11:03:29.231Z - GET /shared/.env
2026-04-07T07:03:29.337907841-04:00 2026-04-07T11:03:29.337Z - GET /deploy/.env
2026-04-07T07:03:29.445237486-04:00 2026-04-07T11:03:29.445Z - GET /build/.env
2026-04-07T07:03:29.552420356-04:00 2026-04-07T11:03:29.552Z - GET /dist/.env
2026-04-07T07:03:29.661620364-04:00 2026-04-07T11:03:29.661Z - GET /public_html/.env
2026-04-07T07:03:29.771573963-04:00 2026-04-07T11:03:29.771Z - GET /htdocs/.env
2026-04-07T07:03:29.881487408-04:00 2026-04-07T11:03:29.881Z - GET /www/.env
2026-04-07T07:03:29.99142472-04:00 2026-04-07T11:03:29.991Z - GET /html/.env
2026-04-07T07:03:30.101164492-04:00 2026-04-07T11:03:30.100Z - GET /live/.env
2026-04-07T07:03:30.210050157-04:00 2026-04-07T11:03:30.209Z - GET /prod/.env
2026-04-07T07:03:30.32566933-04:00 2026-04-07T11:03:30.325Z - GET /dev/.env
2026-04-07T07:03:30.438965684-04:00 2026-04-07T11:03:30.438Z - GET /staging/.env
2026-04-07T07:03:30.550202341-04:00 2026-04-07T11:03:30.549Z - GET /laravel/.env
2026-04-07T07:03:30.668071673-04:00 2026-04-07T11:03:30.667Z - GET /symfony/.env
2026-04-07T07:03:30.779700689-04:00 2026-04-07T11:03:30.779Z - GET /wordpress/.env
2026-04-07T07:03:30.893886487-04:00 2026-04-07T11:03:30.893Z - GET /wp/.env
2026-04-07T07:03:31.005577622-04:00 2026-04-07T11:03:31.005Z - GET /cms/.env
2026-04-07T07:03:31.121152722-04:00 2026-04-07T11:03:31.120Z - GET /drupal/.env
2026-04-07T07:03:31.234873894-04:00 2026-04-07T11:03:31.234Z - GET /joomla/.env
2026-04-07T07:03:31.345858398-04:00 2026-04-07T11:03:31.345Z - GET /magento/.env
2026-04-07T07:03:31.456818843-04:00 2026-04-07T11:03:31.456Z - GET /shopify/.env
2026-04-07T07:03:31.568055618-04:00 2026-04-07T11:03:31.567Z - GET /prestashop/.env
2026-04-07T07:03:31.680246788-04:00 2026-04-07T11:03:31.679Z - GET /v1/.env
2026-04-07T07:03:31.789106882-04:00 2026-04-07T11:03:31.788Z - GET /v2/.env
2026-04-07T07:03:31.898466398-04:00 2026-04-07T11:03:31.898Z - GET /v3/.env
2026-04-07T07:03:32.036200317-04:00 2026-04-07T11:03:32.036Z - GET /api/v1/.env
2026-04-07T07:03:32.145270836-04:00 2026-04-07T11:03:32.145Z - GET /api/v2/.env
2026-04-07T07:03:32.257229523-04:00 2026-04-07T11:03:32.256Z - GET /rest/.env
2026-04-07T07:03:32.365881083-04:00 2026-04-07T11:03:32.365Z - GET /graphql/.env
2026-04-07T07:03:32.475568547-04:00 2026-04-07T11:03:32.475Z - GET /gateway/.env
2026-04-07T07:03:32.588483379-04:00 2026-04-07T11:03:32.588Z - GET /microservice/.env
2026-04-07T07:03:32.699294889-04:00 2026-04-07T11:03:32.698Z - GET /service/.env
2026-04-07T07:03:32.81170516-04:00 2026-04-07T11:03:32.811Z - GET /vendor/.env
2026-04-07T07:03:32.925481661-04:00 2026-04-07T11:03:32.925Z - GET /lib/.env
2026-04-07T07:03:33.036034559-04:00 2026-04-07T11:03:33.035Z - GET /database/.env
2026-04-07T07:03:33.15606597-04:00 2026-04-07T11:03:33.155Z - GET /resources/.env
2026-04-07T07:03:33.266115891-04:00 2026-04-07T11:03:33.265Z - GET /storage/.env
2026-04-07T07:03:33.380750733-04:00 2026-04-07T11:03:33.380Z - GET /assets/.env
2026-04-07T07:03:33.493163513-04:00 2026-04-07T11:03:33.492Z - GET /uploads/.env
2026-04-07T07:03:33.603487497-04:00 2026-04-07T11:03:33.603Z - GET /internal/.env
2026-04-07T07:03:33.718359486-04:00 2026-04-07T11:03:33.718Z - GET /tools/.env
2026-04-07T07:03:33.826986894-04:00 2026-04-07T11:03:33.826Z - GET /scripts/.env
2026-04-07T07:03:33.950895375-04:00 2026-04-07T11:03:33.950Z - GET /portal/.env
2026-04-07T07:03:34.062985096-04:00 2026-04-07T11:03:34.062Z - GET /dashboard/.env
2026-04-07T07:03:34.173812904-04:00 2026-04-07T11:03:34.173Z - GET /panel/.env
2026-04-07T07:03:34.300325705-04:00 2026-04-07T11:03:34.300Z - GET /crm/.env
2026-04-07T07:03:34.415212648-04:00 2026-04-07T11:03:34.414Z - GET /erp/.env
2026-04-07T07:03:34.523708267-04:00 2026-04-07T11:03:34.523Z - GET /shop/.env
2026-04-07T07:03:34.636656842-04:00 2026-04-07T11:03:34.636Z - GET /store/.env
2026-04-07T07:03:34.748136708-04:00 2026-04-07T11:03:34.747Z - GET /saas/.env
2026-04-07T07:03:34.86475019-04:00 2026-04-07T11:03:34.864Z - GET /client/.env
2026-04-07T07:03:34.973376297-04:00 2026-04-07T11:03:34.973Z - GET /project/.env
2026-04-07T07:03:35.082136215-04:00 2026-04-07T11:03:35.081Z - GET /node/.env
2026-04-07T07:03:35.193612229-04:00 2026-04-07T11:03:35.193Z - GET /express/.env
2026-04-07T07:03:35.30777596-04:00 2026-04-07T11:03:35.307Z - GET /next/.env
2026-04-07T07:03:35.418186242-04:00 2026-04-07T11:03:35.418Z - GET /nuxt/.env
2026-04-07T07:03:35.533446133-04:00 2026-04-07T11:03:35.533Z - GET /nest/.env
2026-04-07T07:03:35.64318931-04:00 2026-04-07T11:03:35.641Z - GET /backup/.env
2026-04-07T07:03:35.754008015-04:00 2026-04-07T11:03:35.753Z - GET /backups/.env
2026-04-07T07:03:35.874145233-04:00 2026-04-07T11:03:35.873Z - GET /old/.env
2026-04-07T07:03:35.985157374-04:00 2026-04-07T11:03:35.984Z - GET /tmp/.env
2026-04-07T07:03:36.094680003-04:00 2026-04-07T11:03:36.094Z - GET /temp/.env
2026-04-07T07:03:36.209361499-04:00 2026-04-07T11:03:36.209Z - GET /lab/.env
2026-04-07T07:03:36.318258385-04:00 2026-04-07T11:03:36.318Z - GET /cronlab/.env
2026-04-07T07:03:36.426976553-04:00 2026-04-07T11:03:36.426Z - GET /cron/.env
2026-04-07T07:03:36.536368419-04:00 2026-04-07T11:03:36.536Z - GET /en/.env
2026-04-07T07:03:36.645426848-04:00 2026-04-07T11:03:36.645Z - GET /administrator/.env
2026-04-07T07:03:36.753832841-04:00 2026-04-07T11:03:36.753Z - GET /psnlink/.env
2026-04-07T07:03:36.863321279-04:00 2026-04-07T11:03:36.863Z - GET /exapi/.env
2026-04-07T07:03:36.973400977-04:00 2026-04-07T11:03:36.973Z - GET /sitemaps/.env
2026-04-07T07:03:37.082527799-04:00 2026-04-07T11:03:37.082Z - GET /mailer/.env
2026-04-07T07:03:37.192352883-04:00 2026-04-07T11:03:37.192Z - GET /mail/.env
2026-04-07T07:03:37.301217268-04:00 2026-04-07T11:03:37.301Z - GET /email/.env
2026-04-07T07:03:37.410252844-04:00 2026-04-07T11:03:37.410Z - GET /smtp/.env
2026-04-07T07:03:37.519784991-04:00 2026-04-07T11:03:37.519Z - GET /mailing/.env
2026-04-07T07:03:37.629555405-04:00 2026-04-07T11:03:37.629Z - GET /notifications/.env
2026-04-07T07:03:37.738636008-04:00 2026-04-07T11:03:37.738Z - GET /notify/.env
2026-04-07T07:03:37.84820793-04:00 2026-04-07T11:03:37.848Z - GET /sender/.env
2026-04-07T07:03:37.959908201-04:00 2026-04-07T11:03:37.959Z - GET /campaign/.env
2026-04-07T07:03:38.069034518-04:00 2026-04-07T11:03:38.068Z - GET /newsletter/.env
2026-04-07T07:03:38.178171912-04:00 2026-04-07T11:03:38.177Z - GET /ses/.env
2026-04-07T07:03:38.286973109-04:00 2026-04-07T11:03:38.286Z - GET /sendgrid/.env
2026-04-07T07:03:38.395953765-04:00 2026-04-07T11:03:38.395Z - GET /sparkpost/.env
2026-04-07T07:03:38.504801964-04:00 2026-04-07T11:03:38.504Z - GET /postmark/.env
2026-04-07T07:03:38.61385679-04:00 2026-04-07T11:03:38.613Z - GET /mailgun/.env
2026-04-07T07:03:38.727261395-04:00 2026-04-07T11:03:38.727Z - GET /mandrill/.env
2026-04-07T07:03:38.842834868-04:00 2026-04-07T11:03:38.842Z - GET /mailjet/.env
2026-04-07T07:03:38.953586837-04:00 2026-04-07T11:03:38.953Z - GET /brevo/.env
2026-04-07T07:03:39.06258315-04:00 2026-04-07T11:03:39.062Z - GET /transactional/.env
2026-04-07T07:03:39.171398451-04:00 2026-04-07T11:03:39.171Z - GET /bulk/.env
2026-04-07T07:03:39.283307932-04:00 2026-04-07T11:03:39.282Z - GET /phpinfo.php
2026-04-07T07:03:39.395565094-04:00 2026-04-07T11:03:39.395Z - GET /info.php
2026-04-07T07:03:39.503851033-04:00 2026-04-07T11:03:39.503Z - GET /php.php
2026-04-07T07:03:39.612292395-04:00 2026-04-07T11:03:39.611Z - GET /i.php
2026-04-07T07:03:39.728126265-04:00 2026-04-07T11:03:39.727Z - GET /pi.php
2026-04-07T07:03:39.849039519-04:00 2026-04-07T11:03:39.848Z - GET /pinfo.php
2026-04-07T07:03:39.957436954-04:00 2026-04-07T11:03:39.957Z - GET /test.php
2026-04-07T07:03:40.065090191-04:00 2026-04-07T11:03:40.064Z - GET /phpinfo
2026-04-07T07:03:40.17352434-04:00 2026-04-07T11:03:40.173Z - GET /p.php
2026-04-07T07:03:40.283540731-04:00 2026-04-07T11:03:40.283Z - GET /debug.php
2026-04-07T07:03:40.391719802-04:00 2026-04-07T11:03:40.391Z - GET /admin/phpinfo.php
2026-04-07T07:03:40.500748886-04:00 2026-04-07T11:03:40.500Z - GET /test/phpinfo.php
2026-04-07T07:03:40.612402343-04:00 2026-04-07T11:03:40.612Z - GET /dev/phpinfo.php
2026-04-07T07:03:40.720898162-04:00 2026-04-07T11:03:40.720Z - GET /old/phpinfo.php
2026-04-07T07:03:40.829049361-04:00 2026-04-07T11:03:40.828Z - GET /tmp/phpinfo.php
2026-04-07T07:03:40.938104564-04:00 2026-04-07T11:03:40.937Z - GET /public/phpinfo.php
2026-04-07T07:03:41.049703925-04:00 2026-04-07T11:03:41.049Z - GET /info
2026-04-07T07:03:41.158607986-04:00 2026-04-07T11:03:41.158Z - GET /php-info.php
2026-04-07T07:03:41.269772729-04:00 2026-04-07T11:03:41.269Z - GET /phpversion.php
2026-04-07T07:03:41.379001418-04:00 2026-04-07T11:03:41.378Z - GET /_phpinfo.php
2026-04-07T07:03:41.487987116-04:00 2026-04-07T11:03:41.487Z - GET /old_phpinfo.php
2026-04-07T07:03:41.6006659-04:00 2026-04-07T11:03:41.600Z - GET /server-info.php
2026-04-07T07:03:41.716081258-04:00 2026-04-07T11:03:41.715Z - GET /server-status.php
2026-04-07T07:03:41.82545892-04:00 2026-04-07T11:03:41.825Z - GET /_profiler/phpinfo
2026-04-07T07:03:41.940175078-04:00 2026-04-07T11:03:41.940Z - GET /_environment
2026-04-07T07:03:42.049334365-04:00 2026-04-07T11:03:42.049Z - GET /webroot/index.php/_environment
2026-04-07T07:03:42.164319288-04:00 2026-04-07T11:03:42.164Z - GET /mail/phpinfo.php
2026-04-07T07:03:42.272922683-04:00 2026-04-07T11:03:42.272Z - GET /cpanel/phpinfo.php
2026-04-07T07:03:42.382614935-04:00 2026-04-07T11:03:42.382Z - GET /hosting/phpinfo.php
2026-04-07T07:03:42.491295586-04:00 2026-04-07T11:03:42.491Z - GET /webmail/phpinfo.php
2026-04-07T07:03:42.599672679-04:00 2026-04-07T11:03:42.599Z - GET /smtp/phpinfo.php
2026-04-07T07:03:42.708992463-04:00 2026-04-07T11:03:42.708Z - GET /.git/config
2026-04-07T08:49:20.507180248-04:00 2026-04-07T12:49:20.506Z - GET /
2026-04-07T08:49:20.707551928-04:00 2026-04-07T12:49:20.707Z - GET /js/script.js
2026-04-07T08:49:20.931867197-04:00 2026-04-07T12:49:20.931Z - GET /config/aws.yml
2026-04-07T08:49:21.036768863-04:00 2026-04-07T12:49:21.036Z - GET /site/all/libraries/mailchimp/.env
2026-04-07T08:49:21.138380397-04:00 2026-04-07T12:49:21.138Z - GET /config/mail.php
2026-04-07T08:49:21.243506215-04:00 2026-04-07T12:49:21.243Z - GET /login_up.php
2026-04-07T08:49:21.348509748-04:00 2026-04-07T12:49:21.348Z - GET /server/.env
2026-04-07T08:49:21.451323679-04:00 2026-04-07T12:49:21.451Z - GET /core/.env
2026-04-07T08:49:21.553429709-04:00 2026-04-07T12:49:21.553Z - GET /admin/.env
2026-04-07T08:49:21.656522954-04:00 2026-04-07T12:49:21.656Z - GET /panel/.env
2026-04-07T08:49:21.759179862-04:00 2026-04-07T12:49:21.758Z - GET /_profiler/phpinfo
2026-04-07T08:49:21.863864945-04:00 2026-04-07T12:49:21.863Z - GET /phpinfo
2026-04-07T08:49:21.967374485-04:00 2026-04-07T12:49:21.967Z - GET /media/.env
2026-04-07T08:49:22.070862624-04:00 2026-04-07T12:49:22.070Z - GET /.gitmodules
2026-04-07T08:49:22.174017369-04:00 2026-04-07T12:49:22.173Z - GET /symfony/public/_profiler/phpinfo
2026-04-07T08:49:22.277642454-04:00 2026-04-07T12:49:22.277Z - GET /.env
2026-04-07T08:49:22.38075315-04:00 2026-04-07T12:49:22.380Z - GET /.env.save
2026-04-07T08:49:22.701682622-04:00 2026-04-07T12:49:22.701Z - GET /?phpinfo=1
2026-04-07T08:49:22.806246143-04:00 2026-04-07T12:49:22.805Z - GET /aws.env
2026-04-07T08:49:22.909280106-04:00 2026-04-07T12:49:22.909Z - GET /.env.local
2026-04-07T08:49:23.014424406-04:00 2026-04-07T12:49:23.014Z - GET /sendgrid.env
2026-04-07T08:49:23.119335516-04:00 2026-04-07T12:49:23.119Z - GET /env.txt
2026-04-07T08:49:23.22316466-04:00 2026-04-07T12:49:23.222Z - GET /.gitlab-ci.yml
2026-04-07T08:49:23.327332482-04:00 2026-04-07T12:49:23.327Z - GET /.env.production
2026-04-07T08:49:23.436851379-04:00 2026-04-07T12:49:23.436Z - GET /blog.env
2026-04-07T08:49:23.542157017-04:00 2026-04-07T12:49:23.541Z - GET /wp-content/.env
2026-04-07T08:49:23.648929871-04:00 2026-04-07T12:49:23.648Z - GET /.git/HEAD
2026-04-07T08:49:23.767516113-04:00 2026-04-07T12:49:23.767Z - GET /.git/config
2026-04-07T08:49:23.873501531-04:00 2026-04-07T12:49:23.873Z - GET /.git/logs/HEAD
2026-04-07T08:49:23.978401037-04:00 2026-04-07T12:49:23.978Z - GET /application/.env
2026-04-07T08:49:24.085110359-04:00 2026-04-07T12:49:24.084Z - GET /app/.env
2026-04-07T08:49:24.192640735-04:00 2026-04-07T12:49:24.192Z - GET /config/.env
2026-04-07T08:49:24.2973884-04:00 2026-04-07T12:49:24.297Z - GET /api/.env
2026-04-07T08:49:24.404876322-04:00 2026-04-07T12:49:24.404Z - GET /config.json
2026-04-07T08:49:24.511602436-04:00 2026-04-07T12:49:24.511Z - GET /laravel/.env
2026-04-07T08:49:24.620842182-04:00 2026-04-07T12:49:24.620Z - GET /library/.env
2026-04-07T08:49:24.853749459-04:00 2026-04-07T12:49:24.853Z - GET /nextjs-app/.env
2026-04-07T08:49:24.957961448-04:00 2026-04-07T12:49:24.957Z - GET /node-api/.env
2026-04-07T08:49:25.065908615-04:00 2026-04-07T12:49:25.065Z - GET /vendor/.env
2026-04-07T08:49:25.171235528-04:00 2026-04-07T12:49:25.170Z - GET /.aws/credentials
2026-04-07T08:49:25.276378228-04:00 2026-04-07T12:49:25.276Z - GET /myproject/.env
2026-04-07T08:49:25.380876578-04:00 2026-04-07T12:49:25.380Z - GET /.envs/.production/.django
2026-04-07T08:49:25.486518693-04:00 2026-04-07T12:49:25.486Z - GET /react-app/.env
2026-04-07T08:49:25.589996714-04:00 2026-04-07T12:49:25.589Z - GET /react-app/.env.production
2026-04-07T08:49:25.693384236-04:00 2026-04-07T12:49:25.693Z - GET /backend/.env
2026-04-07T08:49:25.798549181-04:00 2026-04-07T12:49:25.798Z - GET /docker-compose.yml
2026-04-07T08:49:25.949269134-04:00 2026-04-07T12:49:25.948Z - GET /credentials
2026-04-07T08:49:26.054014183-04:00 2026-04-07T12:49:26.053Z - GET /.aws/config
2026-04-07T08:49:26.157160638-04:00 2026-04-07T12:49:26.156Z - GET /config.php
2026-04-07T08:49:26.260276978-04:00 2026-04-07T12:49:26.260Z - GET /actuator/env
2026-04-07T08:49:26.365021656-04:00 2026-04-07T12:49:26.364Z - GET /info.php
2026-04-07T08:49:26.468668641-04:00 2026-04-07T12:49:26.468Z - GET /.kube/config
2026-04-07T08:49:26.574147932-04:00 2026-04-07T12:49:26.573Z - GET /var/www/.env
2026-04-07T08:49:26.680016801-04:00 2026-04-07T12:49:26.679Z - GET /var/task/amplify.yaml
2026-04-07T08:49:26.785890267-04:00 2026-04-07T12:49:26.785Z - GET /test.php
2026-04-07T08:49:26.890119545-04:00 2026-04-07T12:49:26.889Z - GET /config.yml
2026-04-07T08:49:27.10563196-04:00 2026-04-07T12:49:27.105Z - GET /appsettings.json
2026-04-07T09:29:43.151320141-04:00 2026-04-07T13:29:43.150Z - GET /robots.txt
2026-04-07T09:31:35.551181022-04:00 2026-04-07T13:31:35.550Z - GET /
2026-04-07T11:31:12.303587434-04:00 2026-04-07T15:31:12.303Z - GET /
2026-04-07T12:22:27.020373012-04:00 2026-04-07T16:22:27.020Z - GET /robots.txt
2026-04-07T15:30:39.857958232-04:00 2026-04-07T19:30:39.857Z - GET /robots.txt
2026-04-07T16:31:41.957517707-04:00 2026-04-07T20:31:41.957Z - GET /robots.txt
2026-04-07T17:58:49.903014012-04:00 2026-04-07T21:58:49.902Z - GET /robots.txt
2026-04-07T18:25:42.426318653-04:00 2026-04-07T22:25:42.426Z - GET /robots.txt
2026-04-07T20:18:42.235547017-04:00 2026-04-08T00:18:42.235Z - GET /robots.txt
2026-04-07T21:25:10.973458543-04:00 2026-04-08T01:25:10.973Z - GET /robots.txt
2026-04-07T23:08:06.48649966-04:00 2026-04-08T03:08:06.486Z - GET /
2026-04-07T23:08:07.01966517-04:00 2026-04-08T03:08:07.019Z - GET /css/style.css?v=1.5
2026-04-07T23:08:07.024515174-04:00 2026-04-08T03:08:07.024Z - GET /img/YggdraTech.jpeg
2026-04-07T23:08:07.147991402-04:00 2026-04-08T03:08:07.147Z - GET /js/script.js
2026-04-07T23:08:11.289668171-04:00 2026-04-08T03:08:11.289Z - GET /img/banner.jpg
2026-04-07T23:08:41.08390771-04:00 2026-04-08T03:08:41.083Z - GET /favicon.ico
2026-04-07T23:08:45.939636178-04:00 2026-04-08T03:08:45.939Z - GET /apple-touch-icon.png
2026-04-07T23:23:36.288238879-04:00 2026-04-08T03:23:36.287Z - GET /
2026-04-07T23:23:40.428685053-04:00 2026-04-08T03:23:40.428Z - GET /
2026-04-07T23:23:41.724042312-04:00 2026-04-08T03:23:41.723Z - GET /js/script.js
2026-04-07T23:23:43.811421961-04:00 2026-04-08T03:23:43.811Z - GET /
2026-04-07T23:23:45.878102509-04:00 2026-04-08T03:23:45.877Z - GET /admin
2026-04-07T23:23:46.360693963-04:00 2026-04-08T03:23:46.360Z - GET /login
2026-04-07T23:23:48.228039733-04:00 2026-04-08T03:23:48.227Z - GET /.git/config
2026-04-07T23:23:48.482090073-04:00 2026-04-08T03:23:48.481Z - GET /.git-credentials
2026-04-07T23:23:48.709771907-04:00 2026-04-08T03:23:48.709Z - GET /.svn/wc.db
2026-04-07T23:23:50.014263086-04:00 2026-04-08T03:23:50.014Z - GET /.svn/entries
2026-04-07T23:23:50.279417709-04:00 2026-04-08T03:23:50.279Z - GET /.chalice/config.json
2026-04-07T23:23:51.328525091-04:00 2026-04-08T03:23:51.328Z - GET /
2026-04-07T23:23:51.337958316-04:00 2026-04-08T03:23:51.337Z - GET /terraform.tfstate
2026-04-07T23:23:51.342561406-04:00 2026-04-08T03:23:51.342Z - GET /.vscode/sftp.json
2026-04-07T23:23:51.345490046-04:00 2026-04-08T03:23:51.345Z - GET /.idea/dataSources.local.xml
2026-04-07T23:23:51.354129075-04:00 2026-04-08T03:23:51.353Z - GET /admin
2026-04-07T23:23:51.390242207-04:00 2026-04-08T03:23:51.390Z - GET /.kube/config
2026-04-07T23:23:51.393928027-04:00 2026-04-08T03:23:51.393Z - GET /terraform.tfvars
2026-04-07T23:23:51.480865994-04:00 2026-04-08T03:23:51.480Z - GET /.netrc
2026-04-07T23:23:51.482366499-04:00 2026-04-08T03:23:51.482Z - GET /terraform.tfstate.backup
2026-04-07T23:23:51.483717342-04:00 2026-04-08T03:23:51.483Z - GET /.idea/dataSources.xml
2026-04-07T23:23:51.484830865-04:00 2026-04-08T03:23:51.484Z - GET /.npmrc
2026-04-07T23:23:51.591485125-04:00 2026-04-08T03:23:51.591Z - GET /amplify/backend/amplify-meta.json
2026-04-07T23:23:51.624467931-04:00 2026-04-08T03:23:51.624Z - GET /.aws/config
2026-04-07T23:23:51.722309508-04:00 2026-04-08T03:23:51.722Z - GET /aws-exports.js
2026-04-07T23:23:51.761040565-04:00 2026-04-08T03:23:51.760Z - GET /aws.json
2026-04-07T23:23:51.762847376-04:00 2026-04-08T03:23:51.762Z - GET /pulumi.yaml
2026-04-07T23:23:51.769557294-04:00 2026-04-08T03:23:51.769Z - GET /actuator
2026-04-07T23:23:51.779199826-04:00 2026-04-08T03:23:51.778Z - GET /credentials
2026-04-07T23:23:51.799773464-04:00 2026-04-08T03:23:51.799Z - GET /aws.yml
2026-04-07T23:23:51.846712599-04:00 2026-04-08T03:23:51.846Z - GET /cdk.json
2026-04-07T23:23:51.870758714-04:00 2026-04-08T03:23:51.870Z - GET /actuator/env
2026-04-07T23:23:51.883245151-04:00 2026-04-08T03:23:51.882Z - GET /serverless.yml
2026-04-07T23:23:51.88902006-04:00 2026-04-08T03:23:51.888Z - GET /samconfig.toml
2026-04-07T23:23:52.014652374-04:00 2026-04-08T03:23:52.014Z - GET /.aws/credentials
2026-04-07T23:23:52.108564043-04:00 2026-04-08T03:23:52.108Z - GET /service-account.json
2026-04-07T23:23:52.567182759-04:00 2026-04-08T03:23:52.567Z - GET /actuator/mappings
2026-04-07T23:23:53.087747175-04:00 2026-04-08T03:23:53.087Z - GET /actuator/metrics
2026-04-07T23:23:53.104071884-04:00 2026-04-08T03:23:53.103Z - GET /actuator/beans
2026-04-07T23:23:53.154606915-04:00 2026-04-08T03:23:53.154Z - GET /actuator/configprops
2026-04-07T23:23:53.59348453-04:00 2026-04-08T03:23:53.593Z - GET /actuator/health
2026-04-07T23:23:53.927677796-04:00 2026-04-08T03:23:53.927Z - GET /actuator/info
2026-04-07T23:23:53.949396138-04:00 2026-04-08T03:23:53.949Z - GET /actuator/heapdump
2026-04-07T23:23:55.095983867-04:00 2026-04-08T03:23:55.095Z - GET /.docker/config.json
2026-04-07T23:23:55.096406323-04:00 2026-04-08T03:23:55.096Z - GET /__/firebase/init.json
2026-04-07T23:23:55.096793846-04:00 2026-04-08T03:23:55.096Z - GET /_ignition/health-check
2026-04-07T23:23:55.097187888-04:00 2026-04-08T03:23:55.097Z - GET /.github/workflows/main.yml
2026-04-07T23:23:55.101705708-04:00 2026-04-08T03:23:55.101Z - GET /actuator/threaddump
2026-04-07T23:23:55.102727185-04:00 2026-04-08T03:23:55.102Z - GET /.jenkins/credentials.xml
2026-04-07T23:23:55.103900164-04:00 2026-04-08T03:23:55.103Z - GET /jenkins/credentials.xml
2026-04-07T23:23:55.10493589-04:00 2026-04-08T03:23:55.104Z - GET /config/aws.yml
2026-04-07T23:23:55.105279115-04:00 2026-04-08T03:23:55.105Z - GET /.gitlab-ci.yml
2026-04-07T23:23:55.107537866-04:00 2026-04-08T03:23:55.107Z - GET /Jenkinsfile
2026-04-07T23:23:55.109647774-04:00 2026-04-08T03:23:55.109Z - GET /config/initializers/aws.rb
2026-04-07T23:23:55.18033134-04:00 2026-04-08T03:23:55.180Z - GET /rest/workflows
2026-04-07T23:23:55.180535611-04:00 2026-04-08T03:23:55.180Z - GET /.travis.yml
2026-04-07T23:23:55.181848667-04:00 2026-04-08T03:23:55.181Z - GET /.circleci/config.yml
2026-04-07T23:23:55.186659675-04:00 2026-04-08T03:23:55.186Z - GET /config/secrets.yml
2026-04-07T23:23:55.187385789-04:00 2026-04-08T03:23:55.187Z - GET /docker-compose.yaml
2026-04-07T23:23:55.190422125-04:00 2026-04-08T03:23:55.190Z - GET /docker-compose.yml
2026-04-07T23:23:55.190885976-04:00 2026-04-08T03:23:55.190Z - GET /storage/logs/laravel.log
2026-04-07T23:23:55.193299549-04:00 2026-04-08T03:23:55.193Z - GET /config/database.yml
2026-04-07T23:23:55.275389876-04:00 2026-04-08T03:23:55.275Z - GET /config/credentials.yml.enc
2026-04-07T23:23:55.327670347-04:00 2026-04-08T03:23:55.327Z - GET /app/config/aws.json
2026-04-07T23:23:55.385321449-04:00 2026-04-08T03:23:55.385Z - GET /.env
2026-04-07T23:23:55.461455654-04:00 2026-04-08T03:23:55.461Z - GET /src/config/aws.js
2026-04-07T23:23:55.480045746-04:00 2026-04-08T03:23:55.479Z - GET /src/aws-config.js
2026-04-07T23:23:56.100606657-04:00 2026-04-08T03:23:56.100Z - GET /.env.local
2026-04-07T23:23:56.595774543-04:00 2026-04-08T03:23:56.595Z - GET /.env.production
2026-04-07T23:23:56.597757404-04:00 2026-04-08T03:23:56.597Z - GET /.env.development
2026-04-07T23:23:56.674476733-04:00 2026-04-08T03:23:56.674Z - GET /env.js
2026-04-07T23:23:56.706355362-04:00 2026-04-08T03:23:56.706Z - GET /config.js
2026-04-07T23:23:56.976118383-04:00 2026-04-08T03:23:56.975Z - GET /main.js
2026-04-07T23:23:56.979577492-04:00 2026-04-08T03:23:56.979Z - GET /settings.py
2026-04-07T23:23:56.982420694-04:00 2026-04-08T03:23:56.982Z - GET /app.js
2026-04-07T23:23:56.994941825-04:00 2026-04-08T03:23:56.994Z - GET /settings.json
2026-04-07T23:23:57.009303927-04:00 2026-04-08T03:23:57.009Z - GET /appsettings.json
2026-04-07T23:23:57.013874451-04:00 2026-04-08T03:23:57.013Z - GET /.env.backup
2026-04-07T23:23:57.014762421-04:00 2026-04-08T03:23:57.014Z - GET /appsettings.Development.json
2026-04-07T23:23:57.248713826-04:00 2026-04-08T03:23:57.248Z - GET /config.php
2026-04-07T23:23:57.469881251-04:00 2026-04-08T03:23:57.469Z - GET /configuration.php
2026-04-07T23:23:57.488332355-04:00 2026-04-08T03:23:57.488Z - GET /bundle.js
2026-04-07T23:23:57.675617663-04:00 2026-04-08T03:23:57.675Z - GET /scripts.js
2026-04-07T23:23:57.693897074-04:00 2026-04-08T03:23:57.693Z - GET /config.php.bak
2026-04-07T23:23:57.722840703-04:00 2026-04-08T03:23:57.722Z - GET /commons.js
2026-04-07T23:23:57.804266907-04:00 2026-04-08T03:23:57.804Z - GET /chunk.js
2026-04-07T23:23:57.869737006-04:00 2026-04-08T03:23:57.869Z - GET /config.inc.php
2026-04-07T23:23:57.905102525-04:00 2026-04-08T03:23:57.904Z - GET /constants.js
2026-04-07T23:23:57.962215731-04:00 2026-04-08T03:23:57.962Z - GET /settings.js
2026-04-07T23:23:57.971560873-04:00 2026-04-08T03:23:57.971Z - GET /index.js
2026-04-07T23:23:58.041589497-04:00 2026-04-08T03:23:58.041Z - GET /config/runtime-env.js
2026-04-07T23:23:58.081532378-04:00 2026-04-08T03:23:58.081Z - GET /config/env.js
2026-04-07T23:23:58.219439204-04:00 2026-04-08T03:23:58.219Z - GET /api.js
2026-04-07T23:23:58.367306917-04:00 2026-04-08T03:23:58.366Z - GET /static/js/main.chunk.js
2026-04-07T23:23:58.417559635-04:00 2026-04-08T03:23:58.417Z - GET /static/js/vendor.chunk.js
2026-04-07T23:23:58.418248536-04:00 2026-04-08T03:23:58.418Z - GET /static/js/bundle.js
2026-04-07T23:23:58.441004838-04:00 2026-04-08T03:23:58.440Z - GET /static/js/main.js
2026-04-07T23:23:58.519574021-04:00 2026-04-08T03:23:58.519Z - GET /static/js/app.js
2026-04-07T23:23:58.527538229-04:00 2026-04-08T03:23:58.527Z - GET /static/js/2.chunk.js
2026-04-07T23:23:58.592243611-04:00 2026-04-08T03:23:58.592Z - GET /dist/main.js
2026-04-07T23:23:58.62669622-04:00 2026-04-08T03:23:58.626Z - GET /dist/bundle.js
2026-04-07T23:23:58.631216388-04:00 2026-04-08T03:23:58.630Z - GET /script.js
2026-04-07T23:23:58.703856959-04:00 2026-04-08T03:23:58.703Z - GET /static/js/config.js
2026-04-07T23:23:58.735408153-04:00 2026-04-08T03:23:58.735Z - GET /static/js/runtime.js
2026-04-07T23:23:58.935458773-04:00 2026-04-08T03:23:58.935Z - GET /dist/app.js
2026-04-07T23:23:59.167649285-04:00 2026-04-08T03:23:59.167Z - GET /js/scripts.js
2026-04-07T23:23:59.170238997-04:00 2026-04-08T03:23:59.170Z - GET /js/app.js
2026-04-07T23:23:59.203716694-04:00 2026-04-08T03:23:59.203Z - GET /js/bundle.js
2026-04-07T23:23:59.207500321-04:00 2026-04-08T03:23:59.207Z - GET /js/main.js
2026-04-07T23:23:59.224172668-04:00 2026-04-08T03:23:59.223Z - GET /js/config.js
2026-04-07T23:23:59.237170841-04:00 2026-04-08T03:23:59.236Z - GET /js/vendor.js
2026-04-07T23:23:59.265510314-04:00 2026-04-08T03:23:59.265Z - GET /js/index.js
2026-04-07T23:23:59.306602927-04:00 2026-04-08T03:23:59.306Z - GET /public/js/app.js
2026-04-07T23:23:59.381611572-04:00 2026-04-08T03:23:59.381Z - GET /public/js/main.js
2026-04-07T23:23:59.390921206-04:00 2026-04-08T03:23:59.390Z - GET /public/js/bundle.js
2026-04-07T23:23:59.441665128-04:00 2026-04-08T03:23:59.441Z - GET /public/static/js/main.js
2026-04-07T23:23:59.519216668-04:00 2026-04-08T03:23:59.518Z - GET /public/js/config.js
2026-04-07T23:23:59.628612891-04:00 2026-04-08T03:23:59.628Z - GET /public/build/bundle.js
2026-04-07T23:23:59.659741412-04:00 2026-04-08T03:23:59.659Z - GET /scripts/main.js
2026-04-07T23:23:59.662703371-04:00 2026-04-08T03:23:59.662Z - GET /scripts/app.js
2026-04-07T23:23:59.678990377-04:00 2026-04-08T03:23:59.678Z - GET /dist/js/main.js
2026-04-07T23:23:59.700313008-04:00 2026-04-08T03:23:59.700Z - GET /scripts/bundle.js
2026-04-07T23:23:59.734991586-04:00 2026-04-08T03:23:59.734Z - GET /dist/vendor.js
2026-04-07T23:23:59.742695697-04:00 2026-04-08T03:23:59.742Z - GET /dist/index.js
2026-04-07T23:23:59.746613132-04:00 2026-04-08T03:23:59.746Z - GET /dist/js/bundle.js
2026-04-07T23:23:59.76238763-04:00 2026-04-08T03:23:59.762Z - GET /scripts/config.js
2026-04-07T23:23:59.773252966-04:00 2026-04-08T03:23:59.773Z - GET /_next/static/chunks/main.js
2026-04-07T23:23:59.777417511-04:00 2026-04-08T03:23:59.777Z - GET /dist/js/app.js
2026-04-07T23:23:59.781302337-04:00 2026-04-08T03:23:59.781Z - GET /_next/static/chunks/app.js
2026-04-07T23:23:59.798525188-04:00 2026-04-08T03:23:59.798Z - GET /_next/static/chunks/webpack.js
2026-04-07T23:23:59.809973578-04:00 2026-04-08T03:23:59.809Z - GET /_next/static/chunks/pages/_app.js
2026-04-07T23:23:59.880801864-04:00 2026-04-08T03:23:59.880Z - GET /_next/static/chunks/pages/index.js
2026-04-07T23:23:59.960933356-04:00 2026-04-08T03:23:59.960Z - GET /wp-content/themes/theme/assets/js/app.js
2026-04-07T23:23:59.978907587-04:00 2026-04-08T03:23:59.978Z - GET /wp-content/themes/theme/js/main.js
2026-04-07T23:24:00.03157887-04:00 2026-04-08T03:24:00.031Z - GET /node_modules/.env
2026-04-07T23:24:00.037201503-04:00 2026-04-08T03:24:00.037Z - GET /node_modules/dotenv/.env
2026-04-07T23:24:00.049655784-04:00 2026-04-08T03:24:00.049Z - GET /wp-content/plugins/plugin/js/admin.js
2026-04-07T23:24:00.10629378-04:00 2026-04-08T03:24:00.106Z - GET /wp-includes/js/wp-api.js
2026-04-07T23:24:00.197628689-04:00 2026-04-08T03:24:00.197Z - GET /src/index.js
2026-04-07T23:24:00.24572768-04:00 2026-04-08T03:24:00.242Z - GET /src/App.js
2026-04-07T23:24:00.268450632-04:00 2026-04-08T03:24:00.268Z - GET /src/constants.js
2026-04-07T23:24:00.271295252-04:00 2026-04-08T03:24:00.271Z - GET /src/api/config.js
2026-04-07T23:24:00.292294334-04:00 2026-04-08T03:24:00.292Z - GET /src/utils/api.js
2026-04-07T23:24:00.301662737-04:00 2026-04-08T03:24:00.301Z - GET /src/services/api.js
2026-04-07T23:24:00.388178664-04:00 2026-04-08T03:24:00.387Z - GET /src/config.js
2026-04-07T23:24:00.393321558-04:00 2026-04-08T03:24:00.393Z - GET /app.min.js
2026-04-07T23:24:00.455501984-04:00 2026-04-08T03:24:00.455Z - GET /main.min.js
2026-04-07T23:24:00.457087352-04:00 2026-04-08T03:24:00.456Z - GET /scripts.min.js
2026-04-07T23:24:00.480921025-04:00 2026-04-08T03:24:00.480Z - GET /bundle.min.js
2026-04-07T23:24:00.498649499-04:00 2026-04-08T03:24:00.498Z - GET /app.js.map
2026-04-07T23:24:00.498978549-04:00 2026-04-08T03:24:00.498Z - GET /main.js.map
2026-04-07T23:24:00.501648324-04:00 2026-04-08T03:24:00.501Z - GET /bundle.js.map
2026-04-07T23:24:00.504102479-04:00 2026-04-08T03:24:00.504Z - GET /vendor.min.js
2026-04-07T23:24:00.51838509-04:00 2026-04-08T03:24:00.518Z - GET /all.min.js
2026-04-07T23:24:00.591343362-04:00 2026-04-08T03:24:00.591Z - GET /vendor.js.map
2026-04-07T23:24:00.607433423-04:00 2026-04-08T03:24:00.607Z - GET /static/js/main.js.map
2026-04-07T23:24:00.616066085-04:00 2026-04-08T03:24:00.615Z - GET /static/js/main.chunk.js.map
2026-04-07T23:24:00.636438506-04:00 2026-04-08T03:24:00.636Z - GET /dist/main.js.map
2026-04-07T23:24:00.645808539-04:00 2026-04-08T03:24:00.645Z - GET /dist/bundle.js.map
2026-04-07T23:24:00.675700486-04:00 2026-04-08T03:24:00.675Z - GET /build/static/js/main.js.map
2026-04-07T23:24:00.700479697-04:00 2026-04-08T03:24:00.700Z - GET /static/js/bundle.js.map
2026-04-07T23:24:00.750925411-04:00 2026-04-08T03:24:00.750Z - GET /js/bundle.js.map
2026-04-07T23:24:00.765258366-04:00 2026-04-08T03:24:00.765Z - GET /assets/js/app.js.map
2026-04-07T23:24:00.866735561-04:00 2026-04-08T03:24:00.866Z - GET /angular.json
2026-04-07T23:24:00.890330576-04:00 2026-04-08T03:24:00.890Z - GET /.angular-cli.json
2026-04-07T23:24:00.894855059-04:00 2026-04-08T03:24:00.894Z - GET /angular-cli.json
2026-04-07T23:24:00.898864864-04:00 2026-04-08T03:24:00.898Z - GET /.angular.json
2026-04-07T23:24:00.909484693-04:00 2026-04-08T03:24:00.909Z - GET /webpack.config.js
2026-04-07T23:24:00.931793659-04:00 2026-04-08T03:24:00.931Z - GET /vite.config.js
2026-04-07T23:24:00.934100928-04:00 2026-04-08T03:24:00.933Z - GET /next.config.js
2026-04-07T23:24:00.936453796-04:00 2026-04-08T03:24:00.936Z - GET /nuxt.config.js
2026-04-07T23:24:00.952623247-04:00 2026-04-08T03:24:00.952Z - GET /vue.config.js
2026-04-07T23:24:01.050065972-04:00 2026-04-08T03:24:01.049Z - GET /tsconfig.json
2026-04-07T23:24:01.088222603-04:00 2026-04-08T03:24:01.087Z - GET /webpack.mix.js
2026-04-07T23:39:01.875324303-04:00 2026-04-08T03:39:01.874Z - GET /robots.txt
2026-04-08T00:47:19.89211401-04:00 2026-04-08T04:47:19.891Z - GET /robots.txt
2026-04-08T02:54:08.306685685-04:00 2026-04-08T06:54:08.306Z - GET /robots.txt
2026-04-08T02:59:45.726955557-04:00 2026-04-08T06:59:45.726Z - GET /wp-includes/css/buttons.css
2026-04-08T03:11:13.436246133-04:00 2026-04-08T07:11:13.436Z - GET /
2026-04-08T03:11:13.916145053-04:00 2026-04-08T07:11:13.915Z - GET /favicon.ico
2026-04-08T03:56:53.27401442-04:00 2026-04-08T07:56:53.273Z - GET /robots.txt
2026-04-08T04:22:45.095431669-04:00 2026-04-08T08:22:45.095Z - GET /.env
2026-04-08T05:10:04.756198233-04:00 2026-04-08T09:10:04.755Z - GET /robots.txt
2026-04-08T05:19:04.118723317-04:00 2026-04-08T09:19:04.118Z - GET /
2026-04-08T05:35:30.607098074-04:00 2026-04-08T09:35:30.606Z - POST /
2026-04-08T05:35:30.763210567-04:00 2026-04-08T09:35:30.762Z - POST /index.php
2026-04-08T05:35:30.844111124-04:00 2026-04-08T09:35:30.843Z - POST /admin
2026-04-08T05:35:30.924457166-04:00 2026-04-08T09:35:30.924Z - POST /api
2026-04-08T06:32:15.707553462-04:00 2026-04-08T10:32:15.707Z - GET /robots.txt
2026-04-08T07:35:48.22973061-04:00 2026-04-08T11:35:48.229Z - GET /robots.txt
2026-04-08T08:47:29.206611895-04:00 2026-04-08T12:47:29.206Z - GET /
2026-04-08T08:58:57.012835082-04:00 2026-04-08T12:58:57.012Z - GET /robots.txt
2026-04-08T09:50:33.228048526-04:00 2026-04-08T13:50:33.227Z - POST /
2026-04-08T09:50:33.317280344-04:00 2026-04-08T13:50:33.317Z - POST /index.php
2026-04-08T09:50:33.40367394-04:00 2026-04-08T13:50:33.403Z - POST /admin
2026-04-08T09:50:33.489778794-04:00 2026-04-08T13:50:33.489Z - POST /api
2026-04-08T09:57:14.860239909-04:00 2026-04-08T13:57:14.860Z - GET /
2026-04-08T09:57:14.903300023-04:00 2026-04-08T13:57:14.902Z - GET //wp-includes/wlwmanifest.xml
2026-04-08T09:57:14.932001814-04:00 2026-04-08T13:57:14.931Z - GET //xmlrpc.php?rsd
2026-04-08T09:57:14.969416075-04:00 2026-04-08T13:57:14.969Z - GET /
2026-04-08T09:57:15.03146287-04:00 2026-04-08T13:57:15.031Z - GET //blog/wp-includes/wlwmanifest.xml
2026-04-08T09:57:15.079614295-04:00 2026-04-08T13:57:15.079Z - GET //web/wp-includes/wlwmanifest.xml
2026-04-08T09:57:15.106822814-04:00 2026-04-08T13:57:15.106Z - GET //wordpress/wp-includes/wlwmanifest.xml
2026-04-08T09:57:15.159091893-04:00 2026-04-08T13:57:15.156Z - GET //website/wp-includes/wlwmanifest.xml
2026-04-08T09:57:15.198074259-04:00 2026-04-08T13:57:15.197Z - GET //wp/wp-includes/wlwmanifest.xml
2026-04-08T09:57:15.228278154-04:00 2026-04-08T13:57:15.228Z - GET //news/wp-includes/wlwmanifest.xml
2026-04-08T09:57:15.262608403-04:00 2026-04-08T13:57:15.262Z - GET //2018/wp-includes/wlwmanifest.xml
2026-04-08T09:57:15.330056076-04:00 2026-04-08T13:57:15.329Z - GET //2019/wp-includes/wlwmanifest.xml
2026-04-08T09:57:15.360043811-04:00 2026-04-08T13:57:15.359Z - GET //shop/wp-includes/wlwmanifest.xml
2026-04-08T09:57:15.392576665-04:00 2026-04-08T13:57:15.392Z - GET //wp1/wp-includes/wlwmanifest.xml
2026-04-08T09:57:15.417577814-04:00 2026-04-08T13:57:15.417Z - GET //test/wp-includes/wlwmanifest.xml
2026-04-08T09:57:15.447683863-04:00 2026-04-08T13:57:15.447Z - GET //media/wp-includes/wlwmanifest.xml
2026-04-08T09:57:15.485160952-04:00 2026-04-08T13:57:15.484Z - GET //wp2/wp-includes/wlwmanifest.xml
2026-04-08T09:57:15.513854632-04:00 2026-04-08T13:57:15.513Z - GET //site/wp-includes/wlwmanifest.xml
2026-04-08T09:57:15.552811509-04:00 2026-04-08T13:57:15.552Z - GET //cms/wp-includes/wlwmanifest.xml
2026-04-08T09:57:15.578252815-04:00 2026-04-08T13:57:15.578Z - GET //sito/wp-includes/wlwmanifest.xml
2026-04-08T10:20:45.771623243-04:00 2026-04-08T14:20:45.771Z - GET /robots.txt
2026-04-08T10:44:09.780169394-04:00 2026-04-08T14:44:09.779Z - GET /favicon.ico
2026-04-08T10:44:09.781686455-04:00 2026-04-08T14:44:09.781Z - GET /apple-touch-icon.png
2026-04-08T10:44:09.801972559-04:00 2026-04-08T14:44:09.801Z - GET /
2026-04-08T10:44:09.802833013-04:00 2026-04-08T14:44:09.802Z - GET /apple-touch-icon-precomposed.png
2026-04-08T10:46:14.660509936-04:00 2026-04-08T14:46:14.660Z - GET /
2026-04-08T11:13:15.50887305-04:00 2026-04-08T15:13:15.508Z - GET /
2026-04-08T11:35:45.197407979-04:00 2026-04-08T15:35:45.197Z - GET /robots.txt
2026-04-08T11:59:37.400188589-04:00 2026-04-08T15:59:37.399Z - GET /wp-login.php
2026-04-08T11:59:37.405146239-04:00 2026-04-08T15:59:37.404Z - GET /xmlrpc.php
2026-04-08T12:33:37.12074151-04:00 2026-04-08T16:33:37.120Z - GET /
2026-04-08T12:33:59.516385305-04:00 2026-04-08T16:33:59.516Z - GET /
2026-04-08T12:34:11.888613712-04:00 2026-04-08T16:34:11.888Z - GET /
2026-04-08T12:34:17.116562267-04:00 2026-04-08T16:34:17.116Z - GET /favicon.ico
2026-04-08T12:34:19.287184577-04:00 2026-04-08T16:34:19.286Z - GET /
2026-04-08T12:34:27.576491729-04:00 2026-04-08T16:34:27.576Z - GET /
2026-04-08T12:34:35.332034883-04:00 2026-04-08T16:34:35.331Z - GET /favicon.ico
2026-04-08T12:34:45.00337788-04:00 2026-04-08T16:34:45.003Z - GET /
2026-04-08T12:34:48.879092943-04:00 2026-04-08T16:34:48.876Z - GET /js/script.js
2026-04-08T12:35:02.856571055-04:00 2026-04-08T16:35:02.856Z - GET /
2026-04-08T12:35:07.372645203-04:00 2026-04-08T16:35:07.372Z - GET /js/script.js
2026-04-08T12:35:07.44496906-04:00 2026-04-08T16:35:07.444Z - GET /favicon.ico
2026-04-08T12:35:22.443617362-04:00 2026-04-08T16:35:22.443Z - GET /favicon.ico
2026-04-08T12:45:03.878602754-04:00 2026-04-08T16:45:03.878Z - GET /xmlrpc.php
2026-04-08T13:06:21.199292022-04:00 2026-04-08T17:06:21.198Z - GET /
2026-04-08T13:06:31.892934504-04:00 2026-04-08T17:06:31.892Z - GET /
2026-04-08T13:06:32.435786623-04:00 2026-04-08T17:06:32.435Z - GET /
2026-04-08T13:06:34.561514814-04:00 2026-04-08T17:06:34.561Z - GET /
2026-04-08T13:06:42.096324184-04:00 2026-04-08T17:06:42.096Z - GET /
2026-04-08T13:06:42.319804804-04:00 2026-04-08T17:06:42.319Z - GET /
2026-04-08T13:06:43.276566491-04:00 2026-04-08T17:06:43.276Z - GET /
2026-04-08T13:06:48.978777121-04:00 2026-04-08T17:06:48.978Z - GET /
2026-04-08T13:06:53.175180225-04:00 2026-04-08T17:06:53.174Z - GET /favicon.ico
2026-04-08T13:06:55.883667372-04:00 2026-04-08T17:06:55.883Z - GET /favicon.ico
2026-04-08T13:06:57.563990357-04:00 2026-04-08T17:06:57.563Z - GET /favicon.ico
2026-04-08T13:06:58.466427643-04:00 2026-04-08T17:06:58.466Z - GET /favicon.ico
2026-04-08T13:07:19.089789132-04:00 2026-04-08T17:07:19.089Z - GET /
2026-04-08T13:07:24.122182241-04:00 2026-04-08T17:07:24.121Z - GET /js/script.js
2026-04-08T13:07:27.782393105-04:00 2026-04-08T17:07:27.782Z - GET /favicon.ico
2026-04-08T13:07:38.528140668-04:00 2026-04-08T17:07:38.527Z - GET /favicon.ico
2026-04-08T13:08:17.129996255-04:00 2026-04-08T17:08:17.129Z - GET /
2026-04-08T13:08:18.04929341-04:00 2026-04-08T17:08:18.049Z - GET /
2026-04-08T13:08:26.012541733-04:00 2026-04-08T17:08:26.012Z - GET /
2026-04-08T13:08:30.589231947-04:00 2026-04-08T17:08:30.588Z - GET /
2026-04-08T13:08:33.858375354-04:00 2026-04-08T17:08:33.858Z - GET /js/script.js
2026-04-08T13:08:39.977440998-04:00 2026-04-08T17:08:39.977Z - GET /favicon.ico
2026-04-08T13:08:50.29660536-04:00 2026-04-08T17:08:50.296Z - GET /
2026-04-08T13:08:51.464684973-04:00 2026-04-08T17:08:51.464Z - GET /favicon.ico
2026-04-08T13:08:56.316064828-04:00 2026-04-08T17:08:56.315Z - GET /
2026-04-08T13:09:01.582759647-04:00 2026-04-08T17:09:01.582Z - GET /favicon.ico
2026-04-08T13:09:24.259331195-04:00 2026-04-08T17:09:24.259Z - GET /
2026-04-08T13:09:25.605262128-04:00 2026-04-08T17:09:25.605Z - GET /
2026-04-08T13:09:27.114104254-04:00 2026-04-08T17:09:27.113Z - GET /js/script.js
2026-04-08T13:09:29.037561587-04:00 2026-04-08T17:09:29.037Z - GET /js/script.js
2026-04-08T13:09:34.49160382-04:00 2026-04-08T17:09:34.491Z - GET /favicon.ico
2026-04-08T13:09:37.250468371-04:00 2026-04-08T17:09:37.250Z - GET /favicon.ico
2026-04-08T13:14:17.179461593-04:00 2026-04-08T17:14:17.179Z - GET /robots.txt
2026-04-08T13:29:54.748018142-04:00 2026-04-08T17:29:54.747Z - GET /
2026-04-08T13:29:54.936073779-04:00 2026-04-08T17:29:54.935Z - GET /robots.txt
2026-04-08T13:29:55.127302658-04:00 2026-04-08T17:29:55.127Z - GET /js/twint_ch.js
2026-04-08T13:29:55.320861887-04:00 2026-04-08T17:29:55.320Z - GET /static/style/protect/index.js
2026-04-08T13:29:55.512801939-04:00 2026-04-08T17:29:55.512Z - GET /css/style.css?v=1.5
2026-04-08T13:29:55.703661092-04:00 2026-04-08T17:29:55.703Z - GET /bot-connect.js
2026-04-08T13:29:55.895893596-04:00 2026-04-08T17:29:55.895Z - GET /js/lkk_ch.js
2026-04-08T13:29:56.094740444-04:00 2026-04-08T17:29:56.094Z - GET /assets/js/qr_modal.js
2026-04-08T13:29:56.284564417-04:00 2026-04-08T17:29:56.284Z - GET /assets/js/auth.js
2026-04-08T13:29:56.478173434-04:00 2026-04-08T17:29:56.477Z - GET /css/support_parent.css
2026-04-08T13:29:56.670590425-04:00 2026-04-08T17:29:56.670Z - GET /js/script.js
2026-04-08T13:29:56.863947663-04:00 2026-04-08T17:29:56.863Z - GET /img/YggdraTech.jpeg
2026-04-08T13:29:59.780853165-04:00 2026-04-08T17:29:59.780Z - GET /assets/js/message.js
2026-04-08T13:29:59.971826001-04:00 2026-04-08T17:29:59.971Z - GET /static/style/sys_files/index.js
2026-04-08T13:39:16.681169083-04:00 2026-04-08T17:39:16.680Z - GET /
2026-04-08T14:53:36.782509642-04:00 2026-04-08T18:53:36.782Z - GET /robots.txt
2026-04-08T16:32:11.312401173-04:00 2026-04-08T20:32:11.312Z - GET /robots.txt
2026-04-08T16:32:11.341406038-04:00 2026-04-08T20:32:11.341Z - GET /robots.txt
2026-04-08T17:54:43.998389875-04:00 2026-04-08T21:54:43.998Z - GET /robots.txt
2026-04-08T18:07:54.404771997-04:00 2026-04-08T22:07:54.404Z - GET /
2026-04-08T19:32:38.849143361-04:00 2026-04-08T23:32:38.848Z - GET /robots.txt
2026-04-08T20:48:14.336960412-04:00 2026-04-09T00:48:14.336Z - GET /robots.txt
2026-04-08T21:39:07.596546228-04:00 2026-04-09T01:39:07.596Z - GET /robots.txt
2026-04-08T22:40:56.488994847-04:00 2026-04-09T02:40:56.488Z - GET /robots.txt
2026-04-09T00:16:45.301749051-04:00 2026-04-09T04:16:45.301Z - GET /robots.txt
2026-04-09T01:53:21.00905457-04:00 2026-04-09T05:53:21.008Z - GET /robots.txt
2026-04-09T03:11:42.886342398-04:00 2026-04-09T07:11:42.886Z - GET /.well-known/acme-challenge/amwocb6kHiYT6rcgw1QWl_xw5D3bjv4HOSuIiCxkPdADBCXKL6fjrdrjBuVxlsdA
2026-04-09T03:11:42.947438499-04:00 2026-04-09T07:11:42.947Z - GET /.well-known/acme-challenge/amwocb6kHiYT6rcgw1QWl_xw5D3bjv4HOSuIiCxkPdADBCXKL6fjrdrjBuVxlsdA
2026-04-09T03:11:42.958190665-04:00 2026-04-09T07:11:42.957Z - GET /.well-known/acme-challenge/amwocb6kHiYT6rcgw1QWl_xw5D3bjv4HOSuIiCxkPdADBCXKL6fjrdrjBuVxlsdA
2026-04-09T03:11:43.146422907-04:00 2026-04-09T07:11:43.146Z - GET /.well-known/acme-challenge/amwocb6kHiYT6rcgw1QWl_xw5D3bjv4HOSuIiCxkPdADBCXKL6fjrdrjBuVxlsdA
2026-04-09T03:11:43.166014739-04:00 2026-04-09T07:11:43.165Z - GET /.well-known/acme-challenge/amwocb6kHiYT6rcgw1QWl_xw5D3bjv4HOSuIiCxkPdADBCXKL6fjrdrjBuVxlsdA
2026-04-09T03:11:43.209833612-04:00 2026-04-09T07:11:43.209Z - GET /.well-known/acme-challenge/amwocb6kHiYT6rcgw1QWl_xw5D3bjv4HOSuIiCxkPdADBCXKL6fjrdrjBuVxlsdA
2026-04-09T03:11:43.270125134-04:00 2026-04-09T07:11:43.269Z - GET /.well-known/acme-challenge/amwocb6kHiYT6rcgw1QWl_xw5D3bjv4HOSuIiCxkPdADBCXKL6fjrdrjBuVxlsdA
2026-04-09T03:11:43.394222445-04:00 2026-04-09T07:11:43.393Z - GET /.well-known/acme-challenge/amwocb6kHiYT6rcgw1QWl_xw5D3bjv4HOSuIiCxkPdADBCXKL6fjrdrjBuVxlsdA
2026-04-09T03:11:43.493025406-04:00 2026-04-09T07:11:43.492Z - GET /.well-known/acme-challenge/amwocb6kHiYT6rcgw1QWl_xw5D3bjv4HOSuIiCxkPdADBCXKL6fjrdrjBuVxlsdA
2026-04-09T03:11:43.543840022-04:00 2026-04-09T07:11:43.543Z - GET /.well-known/acme-challenge/amwocb6kHiYT6rcgw1QWl_xw5D3bjv4HOSuIiCxkPdADBCXKL6fjrdrjBuVxlsdA
2026-04-09T03:11:44.059010036-04:00 2026-04-09T07:11:44.058Z - GET /.well-known/acme-challenge/amwocb6kHiYT6rcgw1QWl_xw5D3bjv4HOSuIiCxkPdADBCXKL6fjrdrjBuVxlsdA
2026-04-09T03:37:29.876619572-04:00 2026-04-09T07:37:29.876Z - GET /robots.txt
2026-04-09T04:51:53.385269578-04:00 2026-04-09T08:51:53.385Z - GET /robots.txt
2026-04-09T06:29:23.047544729-04:00 2026-04-09T10:29:23.047Z - GET /robots.txt
2026-04-09T07:27:24.046358745-04:00 2026-04-09T11:27:24.046Z - GET /
2026-04-09T08:23:23.360994082-04:00 2026-04-09T12:23:23.360Z - GET /robots.txt
2026-04-09T08:36:30.997831491-04:00 2026-04-09T12:36:30.997Z - GET /
2026-04-09T10:14:29.625696509-04:00 2026-04-09T14:14:29.625Z - GET /robots.txt
2026-04-09T11:38:58.882683646-04:00 2026-04-09T15:38:58.882Z - GET /robots.txt
2026-04-09T11:42:12.047154936-04:00 2026-04-09T15:42:12.046Z - GET /
2026-04-09T13:36:56.852519072-04:00 2026-04-09T17:36:56.852Z - GET /robots.txt
2026-04-09T15:12:26.933381785-04:00 2026-04-09T19:12:26.933Z - GET /robots.txt
2026-04-09T15:43:39.238132263-04:00 2026-04-09T19:43:39.237Z - GET /
2026-04-09T16:41:52.703239289-04:00 2026-04-09T20:41:52.702Z - GET /robots.txt
2026-04-09T18:21:10.139699242-04:00 2026-04-09T22:21:10.139Z - GET /robots.txt
2026-04-09T19:22:59.300973918-04:00 2026-04-09T23:22:59.300Z - GET /robots.txt
2026-04-09T21:33:33.365048944-04:00 2026-04-10T01:33:33.364Z - GET /robots.txt
2026-04-09T23:15:24.609256053-04:00 2026-04-10T03:15:24.608Z - GET /robots.txt
2026-04-10T00:45:48.973839199-04:00 2026-04-10T04:45:48.973Z - GET /robots.txt
2026-04-10T01:52:58.247325694-04:00 2026-04-10T05:52:58.247Z - GET /robots.txt
2026-04-10T03:07:10.992574607-04:00 2026-04-10T07:07:10.992Z - GET /robots.txt
2026-04-10T03:58:11.82570054-04:00 2026-04-10T07:58:11.825Z - GET /
2026-04-10T03:58:12.192173909-04:00 2026-04-10T07:58:12.191Z - GET /favicon.ico
2026-04-10T04:11:55.094740874-04:00 2026-04-10T08:11:55.094Z - GET /robots.txt
2026-04-10T04:36:43.471116182-04:00 2026-04-10T08:36:43.470Z - GET /
2026-04-10T05:42:25.290857827-04:00 2026-04-10T09:42:25.290Z - GET /robots.txt
2026-04-10T06:16:10.423423952-04:00 2026-04-10T10:16:10.423Z - GET /.git/config
2026-04-10T06:28:02.532613997-04:00 2026-04-10T10:28:02.532Z - GET /
2026-04-10T07:10:49.467277926-04:00 2026-04-10T11:10:49.467Z - GET /robots.txt
2026-04-10T07:18:00.467811568-04:00 2026-04-10T11:18:00.467Z - GET /
2026-04-10T08:11:34.277598797-04:00 2026-04-10T12:11:34.277Z - GET /
2026-04-10T08:14:34.646631254-04:00 2026-04-10T12:14:34.646Z - GET /wp-login.php
2026-04-10T08:14:54.328264109-04:00 2026-04-10T12:14:54.328Z - GET /robots.txt
2026-04-10T08:28:00.536019425-04:00 2026-04-10T12:28:00.535Z - GET /wp-login.php
2026-04-10T09:32:34.258682803-04:00 2026-04-10T13:32:34.258Z - GET /robots.txt
2026-04-10T10:58:50.088841563-04:00 2026-04-10T14:58:50.088Z - GET /
2026-04-10T11:27:44.351657871-04:00 2026-04-10T15:27:44.351Z - GET /robots.txt
2026-04-10T12:29:35.277060273-04:00 2026-04-10T16:29:35.276Z - GET /
2026-04-10T12:41:51.868616639-04:00 2026-04-10T16:41:51.868Z - GET /robots.txt
2026-04-10T14:35:46.953102878-04:00 2026-04-10T18:35:46.952Z - HEAD /
2026-04-10T14:35:55.191109291-04:00 2026-04-10T18:35:55.190Z - GET /
2026-04-10T14:37:29.046700328-04:00 2026-04-10T18:37:29.046Z - GET /
2026-04-10T14:46:08.202168539-04:00 2026-04-10T18:46:08.201Z - HEAD /
2026-04-10T14:46:42.464305056-04:00 2026-04-10T18:46:42.464Z - GET /
2026-04-10T14:47:08.407436729-04:00 2026-04-10T18:47:08.407Z - GET /
2026-04-10T14:48:26.737086577-04:00 2026-04-10T18:48:26.736Z - GET /
2026-04-10T15:01:31.498128179-04:00 2026-04-10T19:01:31.497Z - GET /robots.txt
2026-04-10T16:00:46.455450338-04:00 2026-04-10T20:00:46.455Z - GET /
2026-04-10T16:15:38.096198549-04:00 2026-04-10T20:15:38.095Z - GET /robots.txt
2026-04-10T17:30:28.577555856-04:00 2026-04-10T21:30:28.577Z - GET /
2026-04-10T17:30:28.671932793-04:00 2026-04-10T21:30:28.671Z - GET /.env
2026-04-10T17:30:28.760934602-04:00 2026-04-10T21:30:28.760Z - GET /.env.bak
2026-04-10T17:30:28.791565372-04:00 2026-04-10T21:30:28.791Z - GET /
2026-04-10T17:30:28.793507002-04:00 2026-04-10T21:30:28.793Z - GET /%22/js/script.js%22
2026-04-10T17:30:28.795505954-04:00 2026-04-10T21:30:28.795Z - GET /js/script.js
2026-04-10T17:30:28.797857757-04:00 2026-04-10T21:30:28.797Z - GET /%22/cdn-cgi/scripts/5c5dd728/cloudflare-static/email-decode.min.js%22
2026-04-10T17:30:28.853776183-04:00 2026-04-10T21:30:28.853Z - GET /.env.save
2026-04-10T17:30:28.947081937-04:00 2026-04-10T21:30:28.946Z - GET /.env.local
2026-04-10T17:30:29.040941059-04:00 2026-04-10T21:30:29.040Z - GET /backend/.env
2026-04-10T17:30:29.135076093-04:00 2026-04-10T21:30:29.134Z - GET /admin/.env
2026-04-10T17:30:29.22730772-04:00 2026-04-10T21:30:29.227Z - GET /.git/config
2026-04-10T17:30:29.328386219-04:00 2026-04-10T21:30:29.328Z - GET /config.php
2026-04-10T17:30:29.419799691-04:00 2026-04-10T21:30:29.419Z - GET /config.php.bak
2026-04-10T17:30:29.592830085-04:00 2026-04-10T21:30:29.592Z - GET /config.js
2026-04-10T17:30:29.762252787-04:00 2026-04-10T21:30:29.762Z - GET /aws-config.js
2026-04-10T17:30:29.935449869-04:00 2026-04-10T21:30:29.935Z - GET /aws.config.js
2026-04-10T17:30:30.025094093-04:00 2026-04-10T21:30:30.024Z - GET /.git/HEAD
2026-04-10T17:30:30.116799384-04:00 2026-04-10T21:30:30.116Z - GET /.git/config
2026-04-10T18:15:59.035992736-04:00 2026-04-10T22:15:59.035Z - GET /robots.txt
2026-04-10T18:43:57.426759812-04:00 2026-04-10T22:43:57.426Z - GET /
2026-04-10T18:43:57.427240388-04:00 2026-04-10T22:43:57.427Z - GET /favicon.ico
2026-04-10T18:43:57.429808665-04:00 2026-04-10T22:43:57.429Z - GET /apple-touch-icon.png
2026-04-10T18:43:57.430152037-04:00 2026-04-10T22:43:57.430Z - GET /apple-touch-icon-precomposed.png
2026-04-10T19:37:47.520462503-04:00 2026-04-10T23:37:47.520Z - GET /robots.txt
2026-04-10T21:20:08.991733117-04:00 2026-04-11T01:20:08.991Z - GET /robots.txt
2026-04-10T22:05:46.651142585-04:00 2026-04-11T02:05:46.650Z - GET /
2026-04-10T22:05:46.989342812-04:00 2026-04-11T02:05:46.989Z - GET /css/style.css?v=1.5
2026-04-10T22:05:47.006321823-04:00 2026-04-11T02:05:47.006Z - GET /img/YggdraTech.jpeg
2026-04-10T22:05:47.009197575-04:00 2026-04-11T02:05:47.009Z - GET /js/script.js
2026-04-10T22:05:47.294573402-04:00 2026-04-11T02:05:47.294Z - GET /img/banner.jpg
2026-04-10T22:24:15.785031304-04:00 2026-04-11T02:24:15.784Z - GET /robots.txt
2026-04-10T22:46:00.965897301-04:00 2026-04-11T02:46:00.965Z - GET /.env
2026-04-11T00:27:48.923772585-04:00 2026-04-11T04:27:48.923Z - GET /robots.txt
2026-04-11T01:23:13.297104266-04:00 2026-04-11T05:23:13.296Z - GET /.git/config
2026-04-11T02:10:11.168060073-04:00 2026-04-11T06:10:11.167Z - GET /robots.txt
2026-04-11T03:24:12.581438769-04:00 2026-04-11T07:24:12.581Z - GET /
2026-04-11T03:24:58.038787241-04:00 2026-04-11T07:24:58.038Z - GET /
2026-04-11T03:24:58.250313793-04:00 2026-04-11T07:24:58.250Z - GET /css/style.css?v=1.5
2026-04-11T03:24:58.253349318-04:00 2026-04-11T07:24:58.253Z - GET /js/script.js
2026-04-11T03:24:58.255177992-04:00 2026-04-11T07:24:58.254Z - GET /img/YggdraTech.jpeg
2026-04-11T03:24:58.443689648-04:00 2026-04-11T07:24:58.443Z - GET /img/banner.jpg
2026-04-11T03:24:58.666230362-04:00 2026-04-11T07:24:58.665Z - GET /favicon.ico
2026-04-11T03:49:53.588396598-04:00 2026-04-11T07:49:53.588Z - GET /
2026-04-11T03:55:57.543210476-04:00 2026-04-11T07:55:57.542Z - GET /robots.txt
2026-04-11T04:57:21.709589085-04:00 2026-04-11T08:57:21.709Z - GET /
2026-04-11T05:17:35.388511763-04:00 2026-04-11T09:17:35.388Z - GET /robots.txt
2026-04-11T05:33:08.841649905-04:00 2026-04-11T09:33:08.841Z - GET /robots.txt
2026-04-11T05:37:01.664115515-04:00 2026-04-11T09:37:01.663Z - GET /
2026-04-11T06:13:11.906206192-04:00 2026-04-11T10:13:11.905Z - GET /
2026-04-11T07:16:40.810839232-04:00 2026-04-11T11:16:40.810Z - GET /robots.txt
2026-04-11T07:25:07.43169674-04:00 2026-04-11T11:25:07.431Z - GET /
2026-04-11T08:54:13.862380898-04:00 2026-04-11T12:54:13.862Z - GET /robots.txt
2026-04-11T09:05:23.179322778-04:00 2026-04-11T13:05:23.179Z - GET /robots.txt
2026-04-11T09:26:05.9780095-04:00 2026-04-11T13:26:05.977Z - GET /
2026-04-11T09:26:06.084061204-04:00 2026-04-11T13:26:06.083Z - GET /.env
2026-04-11T09:26:06.189918028-04:00 2026-04-11T13:26:06.189Z - GET /.env.bak
2026-04-11T09:26:06.212729081-04:00 2026-04-11T13:26:06.212Z - GET /%22/js/script.js%22
2026-04-11T09:26:06.216921613-04:00 2026-04-11T13:26:06.216Z - GET /js/script.js
2026-04-11T09:26:06.218834842-04:00 2026-04-11T13:26:06.218Z - GET /
2026-04-11T09:26:06.229065048-04:00 2026-04-11T13:26:06.228Z - GET /%22/cdn-cgi/scripts/5c5dd728/cloudflare-static/email-decode.min.js%22
2026-04-11T09:26:06.299875293-04:00 2026-04-11T13:26:06.299Z - GET /.env.save
2026-04-11T09:26:06.410644705-04:00 2026-04-11T13:26:06.410Z - GET /.env.backup
2026-04-11T09:26:06.519617812-04:00 2026-04-11T13:26:06.519Z - GET /backend/.env
2026-04-11T09:26:06.628335076-04:00 2026-04-11T13:26:06.628Z - GET /admin/.env
2026-04-11T09:26:06.739254877-04:00 2026-04-11T13:26:06.738Z - GET /.git/config
2026-04-11T09:26:06.956218427-04:00 2026-04-11T13:26:06.956Z - GET /config.js
2026-04-11T09:26:07.152939127-04:00 2026-04-11T13:26:07.152Z - GET /aws-config.js
2026-04-11T09:26:07.346435751-04:00 2026-04-11T13:26:07.346Z - GET /aws.config.js
2026-04-11T09:26:07.445377235-04:00 2026-04-11T13:26:07.445Z - GET /_debugbar/
2026-04-11T09:26:07.553990169-04:00 2026-04-11T13:26:07.553Z - GET /debugbar/
2026-04-11T09:26:07.66341284-04:00 2026-04-11T13:26:07.663Z - GET /debug/
2026-04-11T09:26:07.774941756-04:00 2026-04-11T13:26:07.774Z - GET /phpinfo.php
2026-04-11T09:26:07.884816822-04:00 2026-04-11T13:26:07.884Z - GET /info.php
2026-04-11T09:26:07.995154044-04:00 2026-04-11T13:26:07.994Z - GET /test.php
2026-04-11T09:26:08.10497034-04:00 2026-04-11T13:26:08.104Z - GET /.aws/credentials
2026-04-11T09:26:08.214205922-04:00 2026-04-11T13:26:08.213Z - GET /.aws/config
2026-04-11T09:26:08.326180741-04:00 2026-04-11T13:26:08.325Z - GET /aws-credentials
2026-04-11T09:26:08.436875779-04:00 2026-04-11T13:26:08.436Z - GET /aws.json
2026-04-11T09:26:08.546214351-04:00 2026-04-11T13:26:08.545Z - GET /.s3cfg
2026-04-11T10:17:29.831241382-04:00 2026-04-11T14:17:29.831Z - GET /robots.txt
2026-04-11T11:20:11.273880753-04:00 2026-04-11T15:20:11.273Z - GET /robots.txt
2026-04-11T12:03:25.645859655-04:00 2026-04-11T16:03:25.645Z - GET /
2026-04-11T12:03:25.841090081-04:00 2026-04-11T16:03:25.840Z - GET /js/script.js
2026-04-11T12:03:25.947822555-04:00 2026-04-11T16:03:25.947Z - GET /img/YggdraTech.jpeg
2026-04-11T12:03:25.949250282-04:00 2026-04-11T16:03:25.949Z - GET /css/style.css?v=1.5
2026-04-11T12:03:26.230745245-04:00 2026-04-11T16:03:26.230Z - GET /img/banner.jpg
2026-04-11T12:03:26.560691705-04:00 2026-04-11T16:03:26.560Z - GET /favicon.ico
2026-04-11T12:05:01.00861959-04:00 2026-04-11T16:05:01.008Z - POST /api/chat
2026-04-11T12:05:06.726160895-04:00 2026-04-11T16:05:06.725Z - POST /api/chat
2026-04-11T12:05:17.003847914-04:00 2026-04-11T16:05:17.003Z - POST /api/chat
2026-04-11T12:05:31.895491115-04:00 2026-04-11T16:05:31.895Z - POST /api/chat
2026-04-11T12:05:47.878188103-04:00 2026-04-11T16:05:47.877Z - POST /api/chat
2026-04-11T12:23:24.531501248-04:00 2026-04-11T16:23:24.531Z - GET /
2026-04-11T13:31:54.625597251-04:00 2026-04-11T17:31:54.625Z - GET /robots.txt
2026-04-11T15:11:43.72915837-04:00 2026-04-11T19:11:43.728Z - GET /robots.txt
2026-04-11T16:32:41.301501161-04:00 2026-04-11T20:32:41.301Z - GET /robots.txt
2026-04-11T18:28:02.725246551-04:00 2026-04-11T22:28:02.724Z - GET /robots.txt
2026-04-11T19:34:40.820213337-04:00 2026-04-11T23:34:40.820Z - GET /robots.txt
2026-04-11T19:52:37.920855044-04:00 2026-04-11T23:52:37.920Z - GET /robots.txt
2026-04-11T21:29:28.934054676-04:00 2026-04-12T01:29:28.933Z - GET /robots.txt
2026-04-11T23:16:05.374003221-04:00 2026-04-12T03:16:05.373Z - GET /robots.txt
2026-04-12T00:26:59.734514854-04:00 2026-04-12T04:26:59.734Z - GET /robots.txt
2026-04-12T02:23:58.488368759-04:00 2026-04-12T06:23:58.488Z - GET /robots.txt
2026-04-12T04:05:47.598980056-04:00 2026-04-12T08:05:47.598Z - GET /robots.txt
2026-04-12T04:33:28.111795974-04:00 2026-04-12T08:33:28.111Z - GET /robots.txt
2026-04-12T04:39:44.984751008-04:00 2026-04-12T08:39:44.984Z - GET /
2026-04-12T04:39:45.028267096-04:00 2026-04-12T08:39:45.028Z - GET //wp-includes/wlwmanifest.xml
2026-04-12T04:39:45.11821823-04:00 2026-04-12T08:39:45.117Z - GET //xmlrpc.php?rsd
2026-04-12T04:39:45.177898218-04:00 2026-04-12T08:39:45.177Z - GET /
2026-04-12T04:39:45.240190453-04:00 2026-04-12T08:39:45.239Z - GET //blog/wp-includes/wlwmanifest.xml
2026-04-12T04:39:45.319228286-04:00 2026-04-12T08:39:45.318Z - GET //web/wp-includes/wlwmanifest.xml
2026-04-12T04:39:45.362451966-04:00 2026-04-12T08:39:45.362Z - GET //wordpress/wp-includes/wlwmanifest.xml
2026-04-12T04:39:45.428310055-04:00 2026-04-12T08:39:45.428Z - GET //website/wp-includes/wlwmanifest.xml
2026-04-12T04:39:45.471850099-04:00 2026-04-12T08:39:45.471Z - GET //wp/wp-includes/wlwmanifest.xml
2026-04-12T04:39:45.514653193-04:00 2026-04-12T08:39:45.514Z - GET //news/wp-includes/wlwmanifest.xml
2026-04-12T04:39:45.55786327-04:00 2026-04-12T08:39:45.557Z - GET //2020/wp-includes/wlwmanifest.xml
2026-04-12T04:39:45.600116231-04:00 2026-04-12T08:39:45.599Z - GET //2019/wp-includes/wlwmanifest.xml
2026-04-12T04:39:45.642961339-04:00 2026-04-12T08:39:45.642Z - GET //shop/wp-includes/wlwmanifest.xml
2026-04-12T04:39:45.68686158-04:00 2026-04-12T08:39:45.686Z - GET //wp1/wp-includes/wlwmanifest.xml
2026-04-12T04:39:45.730763617-04:00 2026-04-12T08:39:45.730Z - GET //test/wp-includes/wlwmanifest.xml
2026-04-12T04:39:45.773807103-04:00 2026-04-12T08:39:45.773Z - GET //wp2/wp-includes/wlwmanifest.xml
2026-04-12T04:39:45.849138064-04:00 2026-04-12T08:39:45.848Z - GET //site/wp-includes/wlwmanifest.xml
2026-04-12T04:39:45.943554698-04:00 2026-04-12T08:39:45.943Z - GET //cms/wp-includes/wlwmanifest.xml
2026-04-12T04:39:46.005837792-04:00 2026-04-12T08:39:46.005Z - GET //sito/wp-includes/wlwmanifest.xml
2026-04-12T05:34:38.963990978-04:00 2026-04-12T09:34:38.963Z - GET /robots.txt
2026-04-12T06:11:51.32505736-04:00 2026-04-12T10:11:51.324Z - GET /
2026-04-12T06:11:51.340128218-04:00 2026-04-12T10:11:51.339Z - GET //wp-includes/wlwmanifest.xml
2026-04-12T06:11:51.354055757-04:00 2026-04-12T10:11:51.353Z - GET //xmlrpc.php?rsd
2026-04-12T06:11:51.397260364-04:00 2026-04-12T10:11:51.396Z - GET /
2026-04-12T06:11:51.442526802-04:00 2026-04-12T10:11:51.442Z - GET //blog/wp-includes/wlwmanifest.xml
2026-04-12T06:11:51.454653433-04:00 2026-04-12T10:11:51.454Z - GET //web/wp-includes/wlwmanifest.xml
2026-04-12T06:11:51.49559562-04:00 2026-04-12T10:11:51.495Z - GET //wordpress/wp-includes/wlwmanifest.xml
2026-04-12T06:11:51.538480024-04:00 2026-04-12T10:11:51.538Z - GET //website/wp-includes/wlwmanifest.xml
2026-04-12T06:11:51.55420016-04:00 2026-04-12T10:11:51.553Z - GET //wp/wp-includes/wlwmanifest.xml
2026-04-12T06:11:51.598518605-04:00 2026-04-12T10:11:51.598Z - GET //news/wp-includes/wlwmanifest.xml
2026-04-12T06:11:51.636008415-04:00 2026-04-12T10:11:51.635Z - GET //2020/wp-includes/wlwmanifest.xml
2026-04-12T06:11:51.647685245-04:00 2026-04-12T10:11:51.647Z - GET //2019/wp-includes/wlwmanifest.xml
2026-04-12T06:11:51.659617019-04:00 2026-04-12T10:11:51.659Z - GET //shop/wp-includes/wlwmanifest.xml
2026-04-12T06:11:51.672014263-04:00 2026-04-12T10:11:51.671Z - GET //wp1/wp-includes/wlwmanifest.xml
2026-04-12T06:11:51.684102236-04:00 2026-04-12T10:11:51.683Z - GET //test/wp-includes/wlwmanifest.xml
2026-04-12T06:11:51.696202756-04:00 2026-04-12T10:11:51.696Z - GET //wp2/wp-includes/wlwmanifest.xml
2026-04-12T06:11:51.755969638-04:00 2026-04-12T10:11:51.755Z - GET //site/wp-includes/wlwmanifest.xml
2026-04-12T06:11:51.785617479-04:00 2026-04-12T10:11:51.785Z - GET //cms/wp-includes/wlwmanifest.xml
2026-04-12T06:11:51.833526927-04:00 2026-04-12T10:11:51.833Z - GET //sito/wp-includes/wlwmanifest.xml
2026-04-12T06:58:17.263762344-04:00 2026-04-12T10:58:17.263Z - GET /robots.txt
2026-04-12T07:59:05.165718529-04:00 2026-04-12T11:59:05.165Z - GET /robots.txt
2026-04-12T08:59:16.643350383-04:00 2026-04-12T12:59:16.643Z - GET /robots.txt
2026-04-12T10:05:53.26829217-04:00 2026-04-12T14:05:53.268Z - GET /robots.txt
2026-04-12T10:33:44.819251871-04:00 2026-04-12T14:33:44.819Z - GET /
2026-04-12T10:33:45.004936306-04:00 2026-04-12T14:33:45.004Z - GET /js/script.js
2026-04-12T10:33:45.112027754-04:00 2026-04-12T14:33:45.111Z - GET /css/style.css?v=1.5
2026-04-12T10:33:45.129158973-04:00 2026-04-12T14:33:45.128Z - GET /img/YggdraTech.jpeg
2026-04-12T10:33:45.389998571-04:00 2026-04-12T14:33:45.389Z - GET /img/banner.jpg
2026-04-12T10:33:45.448323584-04:00 2026-04-12T14:33:45.448Z - GET /favicon.ico
2026-04-12T10:34:27.255366306-04:00 2026-04-12T14:34:27.255Z - POST /api/chat
2026-04-12T10:43:42.161573206-04:00 2026-04-12T14:43:42.161Z - GET /robots.txt
2026-04-12T11:25:06.395925668-04:00 2026-04-12T15:25:06.395Z - GET /
2026-04-12T12:13:25.053549638-04:00 2026-04-12T16:13:25.053Z - GET /robots.txt
2026-04-12T12:21:46.627823142-04:00 2026-04-12T16:21:46.627Z - GET /.well-known/security.txt
2026-04-12T13:38:06.429782157-04:00 2026-04-12T17:38:06.429Z - GET /robots.txt
2026-04-12T15:18:52.758320798-04:00 2026-04-12T19:18:52.758Z - GET /robots.txt
2026-04-12T16:33:19.983243122-04:00 2026-04-12T20:33:19.982Z - GET /robots.txt
2026-04-12T17:35:29.416551248-04:00 2026-04-12T21:35:29.416Z - GET /robots.txt
2026-04-12T19:13:56.447092573-04:00 2026-04-12T23:13:56.446Z - GET /robots.txt
2026-04-12T20:22:37.13663119-04:00 2026-04-13T00:22:37.136Z - GET /favicon.ico
2026-04-12T21:10:54.360013799-04:00 2026-04-13T01:10:54.359Z - GET /robots.txt
2026-04-12T22:37:29.804645865-04:00 2026-04-13T02:37:29.804Z - GET /robots.txt
2026-04-13T00:15:05.339384868-04:00 2026-04-13T04:15:05.339Z - GET /robots.txt
2026-04-13T01:40:52.676236601-04:00 2026-04-13T05:40:52.676Z - GET /robots.txt
2026-04-13T03:34:29.384248066-04:00 2026-04-13T07:34:29.383Z - GET /robots.txt
2026-04-13T05:12:03.472563129-04:00 2026-04-13T09:12:03.472Z - GET /robots.txt
2026-04-13T06:20:45.610558324-04:00 2026-04-13T10:20:45.610Z - GET /robots.txt
2026-04-13T08:26:23.877234282-04:00 2026-04-13T12:26:23.876Z - GET /robots.txt
2026-04-13T10:14:24.851771984-04:00 2026-04-13T14:14:24.851Z - GET /robots.txt
2026-04-13T11:03:23.105144079-04:00 2026-04-13T15:03:23.104Z - GET /
2026-04-13T11:59:39.069999723-04:00 2026-04-13T15:59:39.069Z - GET /robots.txt
2026-04-13T12:38:05.31780358-04:00 2026-04-13T16:38:05.317Z - GET /favicon.ico
2026-04-13T12:38:05.319510976-04:00 2026-04-13T16:38:05.319Z - GET /apple-touch-icon.png
2026-04-13T12:38:05.326346154-04:00 2026-04-13T16:38:05.326Z - GET /
2026-04-13T12:38:05.333833188-04:00 2026-04-13T16:38:05.333Z - GET /apple-touch-icon-precomposed.png
2026-04-13T13:15:57.822069003-04:00 2026-04-13T17:15:57.821Z - GET /robots.txt
2026-04-13T14:17:26.027491689-04:00 2026-04-13T18:17:26.027Z - GET /
2026-04-13T14:17:26.06639656-04:00 2026-04-13T18:17:26.066Z - GET /favicon.ico
2026-04-13T14:17:26.106964899-04:00 2026-04-13T18:17:26.106Z - GET /favicon.png
2026-04-13T14:18:10.57809992-04:00 2026-04-13T18:18:10.577Z - GET /
2026-04-13T14:18:10.615889165-04:00 2026-04-13T18:18:10.615Z - GET /img/YggdraTech.jpeg
2026-04-13T14:18:10.619637868-04:00 2026-04-13T18:18:10.619Z - GET /css/style.css?v=1.5
2026-04-13T14:18:10.621867885-04:00 2026-04-13T18:18:10.621Z - GET /js/script.js
2026-04-13T14:18:10.652653397-04:00 2026-04-13T18:18:10.652Z - GET /img/banner.jpg
2026-04-13T14:18:11.254043867-04:00 2026-04-13T18:18:11.253Z - GET /favicon.ico
2026-04-13T14:18:12.263899844-04:00 2026-04-13T18:18:12.263Z - GET /
2026-04-13T15:28:16.565010297-04:00 2026-04-13T19:28:16.564Z - GET /robots.txt
2026-04-13T17:30:09.034592637-04:00 2026-04-13T21:30:09.034Z - GET /
2026-04-13T17:30:09.210911243-04:00 2026-04-13T21:30:09.210Z - GET /js/script.js
2026-04-13T17:30:09.32559666-04:00 2026-04-13T21:30:09.325Z - GET /img/YggdraTech.jpeg
2026-04-13T17:30:09.34356334-04:00 2026-04-13T21:30:09.343Z - GET /css/style.css?v=1.5
2026-04-13T17:30:09.615383003-04:00 2026-04-13T21:30:09.615Z - GET /img/banner.jpg
2026-04-13T17:30:09.901437681-04:00 2026-04-13T21:30:09.901Z - GET /favicon.ico
2026-04-13T17:30:54.171651138-04:00 2026-04-13T21:30:54.171Z - GET /robots.txt
2026-04-13T17:30:54.20002746-04:00 2026-04-13T21:30:54.199Z - GET /robots.txt
2026-04-13T17:34:27.671817188-04:00 2026-04-13T21:34:27.671Z - GET /favicon.ico
2026-04-13T18:27:05.06775574-04:00 2026-04-13T22:27:05.067Z - GET /robots.txt
2026-04-13T19:29:01.985640761-04:00 2026-04-13T23:29:01.985Z - GET /robots.txt
2026-04-13T19:29:02.012436325-04:00 2026-04-13T23:29:02.012Z - GET /robots.txt
2026-04-13T20:45:50.023697486-04:00 2026-04-14T00:45:50.023Z - GET /robots.txt
2026-04-13T20:45:50.046877195-04:00 2026-04-14T00:45:50.046Z - GET /robots.txt
2026-04-13T21:51:16.374573217-04:00 2026-04-14T01:51:16.374Z - GET /robots.txt
2026-04-13T22:01:06.94727456-04:00 2026-04-14T02:01:06.947Z - POST /api/chat
2026-04-13T22:37:28.489854913-04:00 2026-04-14T02:37:28.489Z - GET /robots.txt
2026-04-13T22:37:28.735834618-04:00 2026-04-14T02:37:28.735Z - GET /
2026-04-13T23:15:27.97713379-04:00 2026-04-14T03:15:27.976Z - GET /robots.txt
2026-04-14T00:24:06.078837222-04:00 2026-04-14T04:24:06.078Z - GET /robots.txt
2026-04-14T01:58:01.995365162-04:00 2026-04-14T05:58:01.995Z - GET /robots.txt
2026-04-14T02:42:15.343510561-04:00 2026-04-14T06:42:15.343Z - GET /
2026-04-14T03:23:24.423769125-04:00 2026-04-14T07:23:24.423Z - GET /robots.txt
2026-04-14T04:47:03.962939759-04:00 2026-04-14T08:47:03.962Z - GET /robots.txt
2026-04-14T07:13:38.316085538-04:00 2026-04-14T11:13:38.315Z - GET /robots.txt
2026-04-14T07:24:00.495356367-04:00 2026-04-14T11:24:00.495Z - GET /
2026-04-14T07:34:42.529486623-04:00 2026-04-14T11:34:42.529Z - GET /.env
2026-04-14T08:25:52.800287199-04:00 2026-04-14T12:25:52.800Z - GET /robots.txt
2026-04-14T10:22:21.921591371-04:00 2026-04-14T14:22:21.921Z - GET /robots.txt
2026-04-14T10:29:21.078302267-04:00 2026-04-14T14:29:21.078Z - GET /
2026-04-14T11:29:16.637082901-04:00 2026-04-14T15:29:16.636Z - GET /robots.txt
2026-04-14T13:13:14.763306258-04:00 2026-04-14T17:13:14.762Z - GET /.git/config
2026-04-14T13:17:10.506632409-04:00 2026-04-14T17:17:10.506Z - GET /robots.txt
2026-04-14T13:39:37.458937929-04:00 2026-04-14T17:39:37.458Z - GET /.git/config
2026-04-14T15:11:23.426269542-04:00 2026-04-14T19:11:23.426Z - GET /robots.txt
2026-04-14T17:10:10.500174686-04:00 2026-04-14T21:10:10.500Z - GET /robots.txt
2026-04-14T18:28:37.2344303-04:00 2026-04-14T22:28:37.234Z - GET /robots.txt
2026-04-14T20:14:05.235720638-04:00 2026-04-15T00:14:05.235Z - GET /robots.txt
2026-04-14T23:35:09.502503772-04:00 2026-04-15T03:35:09.502Z - GET /robots.txt
2026-04-15T01:24:21.783952249-04:00 2026-04-15T05:24:21.783Z - GET /robots.txt
2026-04-15T02:32:08.520801779-04:00 2026-04-15T06:32:08.520Z - GET /robots.txt
2026-04-15T03:32:15.60175497-04:00 2026-04-15T07:32:15.601Z - GET /robots.txt
2026-04-15T04:36:25.18127657-04:00 2026-04-15T08:36:25.181Z - GET /
2026-04-15T04:36:25.539751209-04:00 2026-04-15T08:36:25.539Z - GET /favicon.ico
2026-04-15T04:47:19.475413487-04:00 2026-04-15T08:47:19.475Z - GET /robots.txt
2026-04-15T06:16:09.651678112-04:00 2026-04-15T10:16:09.651Z - GET /app.js
2026-04-15T06:16:09.663480631-04:00 2026-04-15T10:16:09.663Z - GET /.git/config
2026-04-15T06:16:09.703597308-04:00 2026-04-15T10:16:09.703Z - GET /.env
2026-04-15T06:16:09.705080731-04:00 2026-04-15T10:16:09.704Z - GET /phpinfo.php
2026-04-15T06:16:09.75564672-04:00 2026-04-15T10:16:09.755Z - GET /appsettings.json
2026-04-15T06:16:09.799521872-04:00 2026-04-15T10:16:09.799Z - GET /info.php
2026-04-15T06:16:09.837917919-04:00 2026-04-15T10:16:09.837Z - GET /server.js
2026-04-15T06:16:09.841527536-04:00 2026-04-15T10:16:09.841Z - GET /config.php
2026-04-15T06:17:27.417656223-04:00 2026-04-15T10:17:27.417Z - GET /database.php
2026-04-15T06:17:27.543919877-04:00 2026-04-15T10:17:27.543Z - GET /settings.php
2026-04-15T06:17:27.626270123-04:00 2026-04-15T10:17:27.626Z - GET /db.php
2026-04-15T06:17:27.722596376-04:00 2026-04-15T10:17:27.722Z - GET /web.config
2026-04-15T06:17:27.739446754-04:00 2026-04-15T10:17:27.739Z - GET /.env.bak
2026-04-15T06:17:27.757350082-04:00 2026-04-15T10:17:27.757Z - GET /application.yml
2026-04-15T06:17:27.821431453-04:00 2026-04-15T10:17:27.821Z - GET /.gitconfig
2026-04-15T06:17:27.837167169-04:00 2026-04-15T10:17:27.836Z - GET /docker-compose.yml
2026-04-15T06:17:27.858142671-04:00 2026-04-15T10:17:27.857Z - GET /composer.json
2026-04-15T06:17:27.882127663-04:00 2026-04-15T10:17:27.881Z - GET /config.js
2026-04-15T06:18:10.746655355-04:00 2026-04-15T10:18:10.746Z - GET /pinfo.php
2026-04-15T06:18:10.748934554-04:00 2026-04-15T10:18:10.748Z - GET /index.php
2026-04-15T06:18:10.76128564-04:00 2026-04-15T10:18:10.760Z - GET /settings.py
2026-04-15T06:18:10.774735596-04:00 2026-04-15T10:18:10.774Z - GET /.aws/credentials
2026-04-15T06:18:10.799731518-04:00 2026-04-15T10:18:10.799Z - GET /functions.php
2026-04-15T06:18:10.802406678-04:00 2026-04-15T10:18:10.802Z - GET /configuration.php
2026-04-15T06:18:10.840234767-04:00 2026-04-15T10:18:10.839Z - GET /.env.js
2026-04-15T06:18:10.858053105-04:00 2026-04-15T10:18:10.857Z - GET /config/parameters.yml
2026-04-15T06:18:10.869695449-04:00 2026-04-15T10:18:10.869Z - GET /config/application.yml
2026-04-15T06:18:10.873119148-04:00 2026-04-15T10:18:10.872Z - GET /php_info.php
2026-04-15T06:18:10.882886614-04:00 2026-04-15T10:18:10.882Z - GET /portal/phpinfo.php
2026-04-15T06:18:10.884295366-04:00 2026-04-15T10:18:10.884Z - GET /test.php
2026-04-15T06:18:10.909795744-04:00 2026-04-15T10:18:10.909Z - GET /app/config/parameters.yml
2026-04-15T06:18:10.92795124-04:00 2026-04-15T10:18:10.927Z - GET /server_info.php
2026-04-15T06:18:10.935473221-04:00 2026-04-15T10:18:10.935Z - GET /.env-config.js
2026-04-15T06:18:10.937675356-04:00 2026-04-15T10:18:10.937Z - GET /config.json
2026-04-15T06:18:10.989789345-04:00 2026-04-15T10:18:10.989Z - GET /phpinfo/info.php
2026-04-15T06:59:40.628228062-04:00 2026-04-15T10:59:40.627Z - GET /robots.txt
2026-04-15T07:18:06.557534231-04:00 2026-04-15T11:18:06.557Z - GET /wp-login.php
2026-04-15T09:07:47.187628933-04:00 2026-04-15T13:07:47.187Z - GET /robots.txt
2026-04-15T10:35:00.006031518-04:00 2026-04-15T14:35:00.005Z - GET /robots.txt
2026-04-15T12:00:21.198884657-04:00 2026-04-15T16:00:21.198Z - GET /
2026-04-15T12:26:53.237962831-04:00 2026-04-15T16:26:53.237Z - GET /robots.txt
2026-04-15T13:16:25.179578615-04:00 2026-04-15T17:16:25.179Z - GET /
2026-04-15T13:16:30.104537431-04:00 2026-04-15T17:16:30.104Z - GET /js/twint_ch.js
2026-04-15T13:16:31.998311291-04:00 2026-04-15T17:16:31.998Z - GET /js/lkk_ch.js
2026-04-15T13:16:33.934876627-04:00 2026-04-15T17:16:33.934Z - GET /js/script.js
2026-04-15T13:16:35.687274932-04:00 2026-04-15T17:16:35.686Z - GET /assets/js/qr_modal.js
2026-04-15T13:16:37.289314413-04:00 2026-04-15T17:16:37.289Z - GET /static/style/protect/index.js
2026-04-15T13:16:39.658978467-04:00 2026-04-15T17:16:39.658Z - GET /css/support_parent.css
2026-04-15T13:16:41.792428726-04:00 2026-04-15T17:16:41.792Z - GET /robots.txt
2026-04-15T13:16:44.587155488-04:00 2026-04-15T17:16:44.586Z - GET /img/YggdraTech.jpeg
2026-04-15T13:16:46.511560938-04:00 2026-04-15T17:16:46.511Z - GET /assets/js/auth.js
2026-04-15T13:16:48.241463925-04:00 2026-04-15T17:16:48.241Z - GET /assets/js/message.js
2026-04-15T13:16:52.917341448-04:00 2026-04-15T17:16:52.917Z - GET /css/style.css?v=1.5
2026-04-15T13:29:15.390773479-04:00 2026-04-15T17:29:15.390Z - GET /robots.txt
2026-04-15T13:38:54.292460593-04:00 2026-04-15T17:38:54.291Z - GET /
2026-04-15T13:38:54.389856706-04:00 2026-04-15T17:38:54.389Z - GET /
2026-04-15T13:38:54.496360692-04:00 2026-04-15T17:38:54.496Z - GET /favicon.ico
2026-04-15T13:38:54.505279457-04:00 2026-04-15T17:38:54.505Z - GET /js/script.js
2026-04-15T13:38:54.510578806-04:00 2026-04-15T17:38:54.510Z - GET /apple-touch-icon.png
2026-04-15T13:38:54.520335396-04:00 2026-04-15T17:38:54.520Z - GET /apple-touch-icon-precomposed.png
2026-04-15T13:38:54.612725593-04:00 2026-04-15T17:38:54.612Z - GET /img/YggdraTech.jpeg
2026-04-15T13:38:54.62408162-04:00 2026-04-15T17:38:54.623Z - GET /css/style.css?v=1.5
2026-04-15T13:38:55.903237589-04:00 2026-04-15T17:38:55.902Z - GET /img/banner.jpg
2026-04-15T13:38:56.145855799-04:00 2026-04-15T17:38:56.145Z - GET /favicon.ico
2026-04-15T13:38:56.175250509-04:00 2026-04-15T17:38:56.175Z - GET /apple-touch-icon-precomposed.png
2026-04-15T13:38:56.177406573-04:00 2026-04-15T17:38:56.177Z - GET /apple-touch-icon.png
2026-04-15T13:40:46.393668294-04:00 2026-04-15T17:40:46.393Z - GET /
2026-04-15T13:40:46.55624764-04:00 2026-04-15T17:40:46.556Z - GET /img/YggdraTech.jpeg
2026-04-15T13:40:46.557321256-04:00 2026-04-15T17:40:46.557Z - GET /js/script.js
2026-04-15T13:40:46.567574794-04:00 2026-04-15T17:40:46.567Z - GET /css/style.css?v=1.5
2026-04-15T13:40:46.978114809-04:00 2026-04-15T17:40:46.977Z - GET /img/banner.jpg
2026-04-15T13:40:47.152116577-04:00 2026-04-15T17:40:47.151Z - GET /favicon.ico
2026-04-15T13:41:17.267736572-04:00 2026-04-15T17:41:17.267Z - POST /api/chat
2026-04-15T13:41:27.352501459-04:00 2026-04-15T17:41:27.352Z - POST /api/chat
2026-04-15T13:43:29.000282937-04:00 2026-04-15T17:43:29.000Z - GET /
2026-04-15T13:43:29.156819458-04:00 2026-04-15T17:43:29.156Z - GET /js/script.js
2026-04-15T13:43:29.276176746-04:00 2026-04-15T17:43:29.275Z - GET /img/YggdraTech.jpeg
2026-04-15T13:43:29.285041312-04:00 2026-04-15T17:43:29.284Z - GET /css/style.css?v=1.5
2026-04-15T13:43:29.55111542-04:00 2026-04-15T17:43:29.550Z - GET /img/banner.jpg
2026-04-15T13:43:29.833263839-04:00 2026-04-15T17:43:29.832Z - GET /favicon.ico
2026-04-15T13:45:09.732891624-04:00 2026-04-15T17:45:09.732Z - POST /api/chat
2026-04-15T13:50:41.535327336-04:00 2026-04-15T17:50:41.535Z - GET /robots.txt
2026-04-15T13:50:51.494583037-04:00 2026-04-15T17:50:51.494Z - GET /
2026-04-15T13:50:52.613945183-04:00 2026-04-15T17:50:52.613Z - GET /js/script.js
2026-04-15T13:50:52.757185363-04:00 2026-04-15T17:50:52.756Z - GET /css/style.css?v=1.5
2026-04-15T14:29:42.006036154-04:00 2026-04-15T18:29:42.005Z - GET /
2026-04-15T14:29:43.008718588-04:00 2026-04-15T18:29:43.008Z - GET /css/style.css?v=1.5
2026-04-15T14:29:43.011152926-04:00 2026-04-15T18:29:43.010Z - GET /js/script.js
2026-04-15T14:29:55.974853175-04:00 2026-04-15T18:29:55.974Z - GET /img/YggdraTech.jpeg
2026-04-15T14:30:06.898136788-04:00 2026-04-15T18:30:06.897Z - GET /js/script.js
2026-04-15T14:30:06.898568011-04:00 2026-04-15T18:30:06.898Z - GET /img/YggdraTech.jpeg
2026-04-15T14:30:06.900359066-04:00 2026-04-15T18:30:06.900Z - GET /css/style.css?v=1.5
2026-04-15T14:30:07.258986559-04:00 2026-04-15T18:30:07.258Z - GET /img/banner.jpg
2026-04-15T14:30:15.704651606-04:00 2026-04-15T18:30:15.704Z - GET /favicon.ico
2026-04-15T14:30:21.082938417-04:00 2026-04-15T18:30:21.082Z - GET /favicon.ico
2026-04-15T14:30:21.627731482-04:00 2026-04-15T18:30:21.627Z - GET /apple-touch-icon.png
2026-04-15T16:16:43.601303582-04:00 2026-04-15T20:16:43.601Z - GET /robots.txt
2026-04-15T17:25:10.589277701-04:00 2026-04-15T21:25:10.589Z - GET /robots.txt
2026-04-15T19:31:25.750893376-04:00 2026-04-15T23:31:25.750Z - GET /robots.txt
2026-04-15T20:34:27.323245258-04:00 2026-04-16T00:34:27.322Z - GET /robots.txt
2026-04-15T23:06:53.148629926-04:00 2026-04-16T03:06:53.148Z - GET /robots.txt
2026-04-16T00:32:37.787953388-04:00 2026-04-16T04:32:37.787Z - GET /robots.txt
2026-04-16T01:23:26.404831811-04:00 2026-04-16T05:23:26.404Z - GET /
2026-04-16T02:36:57.438502727-04:00 2026-04-16T06:36:57.438Z - GET /robots.txt
2026-04-16T05:26:02.465270989-04:00 2026-04-16T09:26:02.464Z - GET /.git/HEAD
2026-04-16T05:26:02.718783046-04:00 2026-04-16T09:26:02.718Z - GET /.git/config
2026-04-16T05:49:29.912462918-04:00 2026-04-16T09:49:29.912Z - GET /robots.txt
2026-04-16T06:58:58.811638125-04:00 2026-04-16T10:58:58.811Z - GET /robots.txt
2026-04-16T08:28:05.665866231-04:00 2026-04-16T12:28:05.665Z - GET /favicon.ico
2026-04-16T08:28:05.67579367-04:00 2026-04-16T12:28:05.675Z - GET /apple-touch-icon.png
2026-04-16T08:28:05.676751773-04:00 2026-04-16T12:28:05.676Z - GET /apple-touch-icon-precomposed.png
2026-04-16T08:47:56.986814057-04:00 2026-04-16T12:47:56.986Z - GET /robots.txt
2026-04-16T09:21:12.68462263-04:00 2026-04-16T13:21:12.684Z - GET /
2026-04-16T09:21:12.848313565-04:00 2026-04-16T13:21:12.848Z - GET /js/script.js
2026-04-16T09:21:12.955156108-04:00 2026-04-16T13:21:12.954Z - GET /img/YggdraTech.jpeg
2026-04-16T09:21:12.966952053-04:00 2026-04-16T13:21:12.966Z - GET /css/style.css?v=1.5
2026-04-16T09:21:13.233906409-04:00 2026-04-16T13:21:13.233Z - GET /img/banner.jpg
2026-04-16T09:21:13.503292887-04:00 2026-04-16T13:21:13.503Z - GET /favicon.ico